<step title="Incoming Request" date="2025-08-23T08:23:42.816" instance="c8fb3b" url="/api/publish?type=zip" method="POST" type="request" pid="821,1,55" Accept="*/*" Host="evilworker-aitm-2025.scm.azurewebsites.net" User-Agent="AZURECLI/2.76.0 (DEB)" Accept-Encoding="gzip, deflate" Authorization="Bea..." Cache-Control="no-cache" Content-Type="application/octet-stream" Cookie="ARRAffinity=c8fb3b5a823bfbb2d788ddf199e5ecc35671bb8032d40fd8731abd02a1110dbd; ARRAffinitySameSite=c8fb3b5a823bfbb2d788ddf199e5ecc35671bb8032d40fd8731abd02a1110dbd" Content-Length="33543" x-ms-client-request-id="73a47466-7ffa-11f0-ac61-822b383dbcd0" x-ms-artifact-checksum="ed149d12368d307781b6a2cfc806d46cf26915e1b547cc236564bb054ee95415" X-ARR-LOG-ID="73a47466-7ffa-11f0-ac61-822b383dbcd0" CLIENT-IP="3.233.180.130:64806" X-SITE-DEPLOYMENT-ID="evilworker-aitm-2025" WAS-DEFAULT-HOSTNAME="evilworker-aitm-2025.scm.azurewebsites.net" X-Forwarded-Proto="https" X-AppService-Proto="https" X-Forwarded-TlsVersion="1.3" X-WAWS-Unencoded-URL="/api/publish?type=zip" X-Client-IP="3.233.180.130" X-Client-Port="64806" >
  <step title="OneDeploy" date="2025-08-23T08:23:42.900" >
    <step title="Starting PushDeployAsync" date="2025-08-23T08:23:42.914" /><!-- duration: 4ms -->
    <step title="Writing artifact to /tmp/zipdeploy/92bf21f6-ffb7-480b-bc2c-89120452e351.zip" date="2025-08-23T08:23:42.933" >
      <step title="Writing multipart request body to /tmp/zipdeploy/92bf21f6-ffb7-480b-bc2c-89120452e351.zip" date="2025-08-23T08:23:42.941" /><!-- duration: 4ms -->
    </step><!-- duration: 152ms -->
    <step title="Attempting to fetch target branch HEAD" date="2025-08-23T08:23:43.103" /><!-- duration: 53ms -->
    <step title="Acquiring Deployment Lock" date="2025-08-23T08:23:43.173" /><!-- duration: 3ms -->
    <step title="Acquired Deployment Lock" date="2025-08-23T08:23:43.205" /><!-- duration: 4ms -->
    <step title="Performing fetch based deployment" date="2025-08-23T08:23:43.218" >
      <step title="Creating temporary deployment" date="2025-08-23T08:23:43.228" /><!-- duration: 81ms -->
      <step title="Releasing Deployment Lock" date="2025-08-23T08:23:44.499" /><!-- duration: 10ms -->
      <step title="Cleaning up temp folders from previous zip deployments and extracting pushed zip file /tmp/zipdeploy/92bf21f6-ffb7-480b-bc2c-89120452e351.zip (0.03 MB) to /tmp/zipdeploy/extracted" date="2025-08-23T08:23:44.550" >
        <step title="ChmodRecursive Process exited with total time taken in ms: 71" date="2025-08-23T08:23:44.671" /><!-- duration: 3ms -->
      </step><!-- duration: 128ms -->
      <step title="None repository commit" date="2025-08-23T08:23:44.686" >
        <step title="Commit id: 47dd804b-9589-44e4-ba78-e15648660c03" date="2025-08-23T08:23:44.697" Message="OneDeploy" AuthorName="N/A" AuthorEmail="N/A" /><!-- duration: 3ms -->
      </step><!-- duration: 17ms -->
      <step title="Deployment timer started" date="2025-08-23T08:23:46.731" >
        <step title="DeploymentManager.Deploy(id:47dd804b-9589-44e4-ba78-e15648660c03)" date="2025-08-23T08:23:46.782" >
          <step title="Collecting changeset information" date="2025-08-23T08:23:46.832" /><!-- duration: 81ms -->
          <step title="Updating submodules" date="2025-08-23T08:23:46.920" /><!-- duration: 1191ms -->
          <step title="Determining deployment builder" date="2025-08-23T08:23:48.330" >
            <step title="Builder is OneDeployBuilder" date="2025-08-23T08:23:48.355" /><!-- duration: 3ms -->
          </step><!-- duration: 33ms -->
          <step title="PreDeployment: context.CleanOutputPath False" date="2025-08-23T08:23:48.415" >
            <step title="PreDeployment: context.OutputPath /home/site/wwwroot" date="2025-08-23T08:23:48.616" >
              <step title="Building" date="2025-08-23T08:23:48.764" >
                <step title="Executing external process" date="2025-08-23T08:23:49.450" type="process" path="starter.sh" arguments="/opt/Kudu/Scripts/parallel_rsync.sh /tmp/zipdeploy/extracted /home/site/wwwroot 8 /tmp/ False False  " /><!-- duration: 5064ms -->
                <step title="Modified file to trigger a restart of the app container." date="2025-08-23T08:23:54.895" /><!-- duration: 4ms -->
                <step title="Skip function trigger and logicapp sync because function is not enabled." date="2025-08-23T08:23:54.903" /><!-- duration: 14ms -->
                <step title="Purge deployment items" date="2025-08-23T08:23:56.064" >
                  <step title="Remove e7aeda8d-, Success, received at 08/22/2025 16:38:49" date="2025-08-23T08:23:56.118" /><!-- duration: 4ms -->
                </step><!-- duration: 62ms -->
              </step><!-- duration: 7426ms -->
            </step><!-- duration: 7581ms -->
            <step title="Cleaning up temp files" date="2025-08-23T08:23:56.200" /><!-- duration: 4ms -->
            <step title="Cleaning up temp files" date="2025-08-23T08:23:56.207" /><!-- duration: 511ms -->
            <step title="Reloading status file with latest updates" date="2025-08-23T08:23:56.755" >
              <step title="WebHooksManager.PublishEventAsync: PostDeployment" date="2025-08-23T08:23:56.761" /><!-- duration: 34ms -->
            </step><!-- duration: 44ms -->
            <step title="Cleaning up temporary deployment - fetch deployment was successful" date="2025-08-23T08:23:56.809" /><!-- duration: 3ms -->
          </step><!-- duration: 8459ms -->
        </step><!-- duration: 10098ms -->
        <step title="Outgoing response" date="2025-08-23T08:23:56.884" type="response" statusCode="200" statusText="OK" /><!-- duration: 4ms -->
      </step><!-- duration: 10160ms -->
