<step title="Incoming Request" date="2025-08-22T13:01:23.419" instance="c8fb3b" url="/api/zipdeploy?isAsync=true" method="POST" type="request" pid="821,1,23" Accept="*/*" Host="evilworker-aitm-2025.scm.azurewebsites.net" User-Agent="AZURECLI/2.76.0 (DEB)" Accept-Encoding="gzip, deflate" Authorization="Bea..." Cache-Control="no-cache" Content-Type="application/octet-stream" Cookie="ARRAffinity=c8fb3b5a823bfbb2d788ddf199e5ecc35671bb8032d40fd8731abd02a1110dbd; ARRAffinitySameSite=c8fb3b5a823bfbb2d788ddf199e5ecc35671bb8032d40fd8731abd02a1110dbd" Content-Length="26172" x-ms-client-request-id="122289b4-7f58-11f0-b01b-822b383dbcd0" x-ms-artifact-checksum="8fcd6d74bb621d55aa77bfe78cc1a3a88d293aeefd482c8bb95ce3e94f1b8a13" X-ARR-LOG-ID="122289b4-7f58-11f0-b01b-822b383dbcd0" CLIENT-IP="54.197.218.84:30209" X-SITE-DEPLOYMENT-ID="evilworker-aitm-2025" WAS-DEFAULT-HOSTNAME="evilworker-aitm-2025.scm.azurewebsites.net" X-Forwarded-Proto="https" X-AppService-Proto="https" X-Forwarded-TlsVersion="1.3" X-WAWS-Unencoded-URL="/api/zipdeploy?isAsync=true" X-Client-IP="54.197.218.84" X-Client-Port="30209" >
  <step title="Cleanup Xml Logs" date="2025-08-22T13:01:23.422" /><!-- duration: 6ms -->
  <step title="ZipPushDeploy" date="2025-08-22T13:01:23.531" >
    <step title="ZipDeploy. Extract zip." date="2025-08-22T13:01:23.553" /><!-- duration: 17ms -->
    <step title="None repository commit" date="2025-08-22T13:01:23.600" >
      <step title="Commit id: fc295fe3-9074-4718-9089-c409f891874f" date="2025-08-22T13:01:23.611" Message="N/A" AuthorName="N/A" AuthorEmail="N/A" /><!-- duration: 19ms -->
    </step><!-- duration: 33ms -->
    <step title="Starting PushDeployAsync" date="2025-08-22T13:01:23.642" /><!-- duration: 7ms -->
    <step title="Writing artifact to /tmp/zipdeploy/3a2d2918-e01c-44d0-9ac0-79814bd18f64.zip" date="2025-08-22T13:01:23.691" >
      <step title="Writing multipart request body to /tmp/zipdeploy/3a2d2918-e01c-44d0-9ac0-79814bd18f64.zip" date="2025-08-22T13:01:23.710" /><!-- duration: 11ms -->
    </step><!-- duration: 100ms -->
    <step title="Start deployment in the background" date="2025-08-22T13:01:23.802" >
      <step title="Acquiring Deployment Lock" date="2025-08-22T13:01:23.861" /><!-- duration: 10ms -->
      <step title="Acquired Deployment Lock" date="2025-08-22T13:01:24.228" /><!-- duration: 7ms -->
    </step><!-- duration: 579ms -->
  </step><!-- duration: 871ms -->
  <step title="Outgoing response" date="2025-08-22T13:01:24.439" type="response" statusCode="202" statusText="Accepted" /><!-- duration: 4ms -->
</step><!-- duration: 1031ms -->
