<step title="Incoming Request" date="2025-08-22T15:51:05.469" instance="c8fb3b" url="/api/zipdeploy?isAsync=true" method="POST" type="request" pid="821,1,42" Accept="*/*" Host="evilworker-aitm-2025.scm.azurewebsites.net" User-Agent="AZURECLI/2.76.0 (DEB)" Accept-Encoding="gzip, deflate" Authorization="Bea..." Cache-Control="no-cache" Content-Type="application/octet-stream" Cookie="ARRAffinity=c8fb3b5a823bfbb2d788ddf199e5ecc35671bb8032d40fd8731abd02a1110dbd; ARRAffinitySameSite=c8fb3b5a823bfbb2d788ddf199e5ecc35671bb8032d40fd8731abd02a1110dbd" Content-Length="33728" x-ms-client-request-id="c9576f3e-7f6f-11f0-9721-822b383dbcd0" x-ms-artifact-checksum="79647d8d94d004b26d3f685298dd8c974d240a131e0856ecfd5f0f3295be2bea" X-ARR-LOG-ID="c9576f3e-7f6f-11f0-9721-822b383dbcd0" CLIENT-IP="34.233.103.205:46043" X-SITE-DEPLOYMENT-ID="evilworker-aitm-2025" WAS-DEFAULT-HOSTNAME="evilworker-aitm-2025.scm.azurewebsites.net" X-Forwarded-Proto="https" X-AppService-Proto="https" X-Forwarded-TlsVersion="1.3" X-WAWS-Unencoded-URL="/api/zipdeploy?isAsync=true" X-Client-IP="34.233.103.205" X-Client-Port="46043" >
  <step title="ZipPushDeploy" date="2025-08-22T15:51:05.481" >
    <step title="ZipDeploy. Extract zip." date="2025-08-22T15:51:05.498" /><!-- duration: 12ms -->
    <step title="Starting PushDeployAsync" date="2025-08-22T15:51:05.531" /><!-- duration: 18ms -->
    <step title="Writing artifact to /tmp/zipdeploy/2d51a74e-f673-4b83-a05f-e5249b5e8efc.zip" date="2025-08-22T15:51:05.572" >
      <step title="Writing multipart request body to /tmp/zipdeploy/2d51a74e-f673-4b83-a05f-e5249b5e8efc.zip" date="2025-08-22T15:51:05.580" /><!-- duration: 10ms -->
    </step><!-- duration: 80ms -->
    <step title="Start deployment in the background" date="2025-08-22T15:51:05.679" >
      <step title="Acquiring Deployment Lock" date="2025-08-22T15:51:05.711" /><!-- duration: 10ms -->
      <step title="Acquired Deployment Lock" date="2025-08-22T15:51:05.771" /><!-- duration: 3ms -->
    </step><!-- duration: 154ms -->
  </step><!-- duration: 356ms -->
  <step title="Outgoing response" date="2025-08-22T15:51:05.840" type="response" statusCode="202" statusText="Accepted" /><!-- duration: 4ms -->
</step><!-- duration: 395ms -->
