<step title="BackgroundTrace" date="2025-08-22T15:13:06.721" instance="c8fb3b" url="/api/zipdeploy" method="POST" >
  <step title="Creating temporary deployment - FetchDeploymentManager" date="2025-08-22T15:13:06.818" /><!-- duration: 2ms -->
  <step title="Creating temporary deployment" date="2025-08-22T15:13:06.824" /><!-- duration: 55ms -->
  <step title="Performing fetch based deployment" date="2025-08-22T15:13:06.926" >
    <step title="Cleaning up temp folders from previous zip deployments and extracting pushed zip file /tmp/zipdeploy/32d3cb8d-ccf2-412e-83cf-9b78c7bd5166.zip (0.03 MB) to /tmp/zipdeploy/extracted" date="2025-08-22T15:13:08.097" >
      <step title="ChmodRecursive Process exited with total time taken in ms: 45" date="2025-08-22T15:13:08.240" /><!-- duration: 15ms -->
    </step><!-- duration: 164ms -->
    <step title="Deployment timer started" date="2025-08-22T15:13:10.301" >
      <step title="DeploymentManager.Deploy(id:c4dd0ad9-65bb-4dee-8aac-cdb73be6629c)" date="2025-08-22T15:13:10.319" >
        <step title="Collecting changeset information" date="2025-08-22T15:13:10.392" /><!-- duration: 118ms -->
        <step title="Updating submodules" date="2025-08-22T15:13:10.518" /><!-- duration: 1164ms -->
        <step title="Determining deployment builder" date="2025-08-22T15:13:11.921" >
          <step title="Builder is BasicBuilder" date="2025-08-22T15:13:11.943" /><!-- duration: 3ms -->
        </step><!-- duration: 33ms -->
        <step title="PreDeployment: context.CleanOutputPath False" date="2025-08-22T15:13:12.013" >
          <step title="PreDeployment: context.OutputPath /home/site/wwwroot" date="2025-08-22T15:13:12.172" >
            <step title="Building" date="2025-08-22T15:13:12.317" >
              <step title="Executing external process" date="2025-08-22T15:13:12.633" type="process" path="starter.sh" arguments="/opt/Kudu/Scripts/parallel_rsync.sh /tmp/zipdeploy/extracted /home/site/wwwroot 8 /tmp/ False True  " /><!-- duration: 3683ms -->
              <step title="Triggering recycle (preview mode disabled)." date="2025-08-22T15:13:16.701" /><!-- duration: 19ms -->
              <step title="Modified file to trigger a restart of the app container." date="2025-08-22T15:13:16.787" /><!-- duration: 3ms -->
              <step title="Skip function trigger and logicapp sync because function is not enabled." date="2025-08-22T15:13:16.807" /><!-- duration: 5ms -->
            </step><!-- duration: 5574ms -->
          </step><!-- duration: 5743ms -->
          <step title="Cleaning up temp files" date="2025-08-22T15:13:17.929" /><!-- duration: 42ms -->
          <step title="Cleaning up temp files" date="2025-08-22T15:13:17.992" /><!-- duration: 551ms -->
          <step title="Reloading status file with latest updates" date="2025-08-22T15:13:18.579" >
            <step title="WebHooksManager.PublishEventAsync: PostDeployment" date="2025-08-22T15:13:18.586" /><!-- duration: 51ms -->
          </step><!-- duration: 62ms -->
          <step title="Cleaning up temporary deployment - fetch deployment was successful" date="2025-08-22T15:13:18.646" /><!-- duration: 3ms -->
        </step><!-- duration: 6696ms -->
      </step><!-- duration: 8407ms -->
