<step title="Incoming Request" date="2025-08-22T15:39:17.348" instance="c8fb3b" url="/api/zipdeploy?isAsync=true" method="POST" type="request" pid="821,1,41" Accept="*/*" Host="evilworker-aitm-2025.scm.azurewebsites.net" User-Agent="AZURECLI/2.76.0 (DEB)" Accept-Encoding="gzip, deflate" Authorization="Bea..." Cache-Control="no-cache" Content-Type="application/octet-stream" Cookie="ARRAffinity=c8fb3b5a823bfbb2d788ddf199e5ecc35671bb8032d40fd8731abd02a1110dbd; ARRAffinitySameSite=c8fb3b5a823bfbb2d788ddf199e5ecc35671bb8032d40fd8731abd02a1110dbd" Content-Length="33692" x-ms-client-request-id="21d6baae-7f6e-11f0-ac4e-822b383dbcd0" x-ms-artifact-checksum="681cba64adf0f0c2765ef3198285c4eeb543bf21c9bdfde8f71d1e3d7d60a0c2" X-ARR-LOG-ID="21d6baae-7f6e-11f0-ac4e-822b383dbcd0" CLIENT-IP="54.197.218.84:8965" X-SITE-DEPLOYMENT-ID="evilworker-aitm-2025" WAS-DEFAULT-HOSTNAME="evilworker-aitm-2025.scm.azurewebsites.net" X-Forwarded-Proto="https" X-AppService-Proto="https" X-Forwarded-TlsVersion="1.3" X-WAWS-Unencoded-URL="/api/zipdeploy?isAsync=true" X-Client-IP="54.197.218.84" X-Client-Port="8965" >
  <step title="Cleanup Xml Logs" date="2025-08-22T15:39:17.352" /><!-- duration: 12ms -->
  <step title="ZipPushDeploy" date="2025-08-22T15:39:17.487" >
    <step title="ZipDeploy. Extract zip." date="2025-08-22T15:39:17.514" /><!-- duration: 4ms -->
    <step title="Starting PushDeployAsync" date="2025-08-22T15:39:17.528" /><!-- duration: 6ms -->
    <step title="Writing artifact to /tmp/zipdeploy/180e9e9c-5bb4-43dc-a473-0c18702cbeb8.zip" date="2025-08-22T15:39:17.558" >
      <step title="Writing multipart request body to /tmp/zipdeploy/180e9e9c-5bb4-43dc-a473-0c18702cbeb8.zip" date="2025-08-22T15:39:17.566" /><!-- duration: 19ms -->
    </step><!-- duration: 121ms -->
    <step title="Start deployment in the background" date="2025-08-22T15:39:17.696" >
      <step title="Acquiring Deployment Lock" date="2025-08-22T15:39:17.738" /><!-- duration: 9ms -->
      <step title="Acquired Deployment Lock" date="2025-08-22T15:39:17.803" /><!-- duration: 5ms -->
    </step><!-- duration: 220ms -->
  </step><!-- duration: 654ms -->
  <step title="Outgoing response" date="2025-08-22T15:39:18.150" type="response" statusCode="202" statusText="Accepted" /><!-- duration: 11ms -->
</step><!-- duration: 819ms -->
