<step title="Incoming Request" date="2025-08-22T16:38:45.078" instance="c8fb3b" url="/api/zipdeploy?isAsync=true" method="POST" type="request" pid="821,1,31" Accept="*/*" Host="evilworker-aitm-2025.scm.azurewebsites.net" User-Agent="AZURECLI/2.76.0 (DEB)" Accept-Encoding="gzip, deflate" Authorization="Bea..." Cache-Control="no-cache" Content-Type="application/octet-stream" Cookie="ARRAffinity=c8fb3b5a823bfbb2d788ddf199e5ecc35671bb8032d40fd8731abd02a1110dbd; ARRAffinitySameSite=c8fb3b5a823bfbb2d788ddf199e5ecc35671bb8032d40fd8731abd02a1110dbd" Content-Length="33656" x-ms-client-request-id="71334ed4-7f76-11f0-9f60-822b383dbcd0" x-ms-artifact-checksum="814237aaac441b8f336f1b3f3011a6a5095bf21cda1ede7fff2590a091bd1279" X-ARR-LOG-ID="71334ed4-7f76-11f0-9f60-822b383dbcd0" CLIENT-IP="35.170.23.225:7508" X-SITE-DEPLOYMENT-ID="evilworker-aitm-2025" WAS-DEFAULT-HOSTNAME="evilworker-aitm-2025.scm.azurewebsites.net" X-Forwarded-Proto="https" X-AppService-Proto="https" X-Forwarded-TlsVersion="1.3" X-WAWS-Unencoded-URL="/api/zipdeploy?isAsync=true" X-Client-IP="35.170.23.225" X-Client-Port="7508" >
  <step title="ZipPushDeploy" date="2025-08-22T16:38:45.109" >
    <step title="ZipDeploy. Extract zip." date="2025-08-22T16:38:45.124" /><!-- duration: 6ms -->
    <step title="Starting PushDeployAsync" date="2025-08-22T16:38:45.139" /><!-- duration: 6ms -->
    <step title="Writing artifact to /tmp/zipdeploy/8bd8b26b-b261-4ec1-ac12-7d440a7ebaf9.zip" date="2025-08-22T16:38:45.174" >
      <step title="Writing multipart request body to /tmp/zipdeploy/8bd8b26b-b261-4ec1-ac12-7d440a7ebaf9.zip" date="2025-08-22T16:38:45.181" /><!-- duration: 3ms -->
    </step><!-- duration: 174ms -->
    <step title="Start deployment in the background" date="2025-08-22T16:38:45.405" >
      <step title="Acquiring Deployment Lock" date="2025-08-22T16:38:45.452" /><!-- duration: 3ms -->
      <step title="Acquired Deployment Lock" date="2025-08-22T16:38:45.512" /><!-- duration: 3ms -->
    </step><!-- duration: 218ms -->
  </step><!-- duration: 542ms -->
  <step title="Outgoing response" date="2025-08-22T16:38:45.658" type="response" statusCode="202" statusText="Accepted" /><!-- duration: 11ms -->
</step><!-- duration: 593ms -->
