<step title="Incoming Request" date="2025-08-22T13:39:45.097" instance="c8fb3b" url="/api/zipdeploy?isAsync=true" method="POST" type="request" pid="821,1,28" Accept="*/*" Host="evilworker-aitm-2025.scm.azurewebsites.net" User-Agent="AZURECLI/2.76.0 (DEB)" Accept-Encoding="gzip, deflate" Authorization="Bea..." Cache-Control="no-cache" Content-Type="application/octet-stream" Cookie="ARRAffinity=c8fb3b5a823bfbb2d788ddf199e5ecc35671bb8032d40fd8731abd02a1110dbd; ARRAffinitySameSite=c8fb3b5a823bfbb2d788ddf199e5ecc35671bb8032d40fd8731abd02a1110dbd" Content-Length="29065" x-ms-client-request-id="711d6498-7f5d-11f0-a8ef-822b383dbcd0" x-ms-artifact-checksum="5e7c86e386e93e9bf1f9f01bb4ee0853753967f54b538db725a879e33d17c5a5" X-ARR-LOG-ID="711d6498-7f5d-11f0-a8ef-822b383dbcd0" CLIENT-IP="3.233.180.130:65436" X-SITE-DEPLOYMENT-ID="evilworker-aitm-2025" WAS-DEFAULT-HOSTNAME="evilworker-aitm-2025.scm.azurewebsites.net" X-Forwarded-Proto="https" X-AppService-Proto="https" X-Forwarded-TlsVersion="1.3" X-WAWS-Unencoded-URL="/api/zipdeploy?isAsync=true" X-Client-IP="3.233.180.130" X-Client-Port="65436" >
  <step title="ZipPushDeploy" date="2025-08-22T13:39:45.145" >
    <step title="ZipDeploy. Extract zip." date="2025-08-22T13:39:45.194" /><!-- duration: 4ms -->
    <step title="Starting PushDeployAsync" date="2025-08-22T13:39:45.206" /><!-- duration: 8ms -->
    <step title="Writing artifact to /tmp/zipdeploy/860af0da-91ad-4be4-8f0b-64fbf21b362c.zip" date="2025-08-22T13:39:45.229" >
      <step title="Writing multipart request body to /tmp/zipdeploy/860af0da-91ad-4be4-8f0b-64fbf21b362c.zip" date="2025-08-22T13:39:45.251" /><!-- duration: 4ms -->
    </step><!-- duration: 132ms -->
    <step title="Start deployment in the background" date="2025-08-22T13:39:45.371" >
      <step title="Acquiring Deployment Lock" date="2025-08-22T13:39:45.401" /><!-- duration: 5ms -->
      <step title="Acquired Deployment Lock" date="2025-08-22T13:39:45.433" /><!-- duration: 6ms -->
    </step><!-- duration: 146ms -->
  </step><!-- duration: 381ms -->
  <step title="Outgoing response" date="2025-08-22T13:39:45.530" type="response" statusCode="202" statusText="Accepted" /><!-- duration: 4ms -->
</step><!-- duration: 440ms -->
