<step title="Incoming Request" date="2025-08-22T14:49:22.893" instance="c8fb3b" url="/api/zipdeploy?isAsync=true" method="POST" type="request" pid="821,1,40" Accept="*/*" Host="evilworker-aitm-2025.scm.azurewebsites.net" User-Agent="AZURECLI/2.76.0 (DEB)" Accept-Encoding="gzip, deflate" Authorization="Bea..." Cache-Control="no-cache" Content-Type="application/octet-stream" Cookie="ARRAffinity=c8fb3b5a823bfbb2d788ddf199e5ecc35671bb8032d40fd8731abd02a1110dbd; ARRAffinitySameSite=c8fb3b5a823bfbb2d788ddf199e5ecc35671bb8032d40fd8731abd02a1110dbd" Content-Length="33137" x-ms-client-request-id="2af1d68e-7f67-11f0-a0fb-822b383dbcd0" x-ms-artifact-checksum="6d6e62210caf9e3b918f159107615361537cad9421bbea4e2e68a13314e4ab10" X-ARR-LOG-ID="2af1d68e-7f67-11f0-a0fb-822b383dbcd0" CLIENT-IP="3.233.180.130:14574" X-SITE-DEPLOYMENT-ID="evilworker-aitm-2025" WAS-DEFAULT-HOSTNAME="evilworker-aitm-2025.scm.azurewebsites.net" X-Forwarded-Proto="https" X-AppService-Proto="https" X-Forwarded-TlsVersion="1.3" X-WAWS-Unencoded-URL="/api/zipdeploy?isAsync=true" X-Client-IP="3.233.180.130" X-Client-Port="14574" >
  <step title="ZipPushDeploy" date="2025-08-22T14:49:22.915" >
    <step title="ZipDeploy. Extract zip." date="2025-08-22T14:49:22.935" /><!-- duration: 17ms -->
    <step title="Starting PushDeployAsync" date="2025-08-22T14:49:22.959" /><!-- duration: 5ms -->
    <step title="Writing artifact to /tmp/zipdeploy/09357458-3695-40f8-b9c1-141aa64e4215.zip" date="2025-08-22T14:49:22.976" >
      <step title="Writing multipart request body to /tmp/zipdeploy/09357458-3695-40f8-b9c1-141aa64e4215.zip" date="2025-08-22T14:49:22.991" /><!-- duration: 81ms -->
    </step><!-- duration: 244ms -->
    <step title="Start deployment in the background" date="2025-08-22T14:49:23.239" >
      <step title="Acquiring Deployment Lock" date="2025-08-22T14:49:23.298" /><!-- duration: 3ms -->
      <step title="Acquired Deployment Lock" date="2025-08-22T14:49:23.357" /><!-- duration: 3ms -->
    </step><!-- duration: 221ms -->
  </step><!-- duration: 557ms -->
  <step title="Outgoing response" date="2025-08-22T14:49:23.476" type="response" statusCode="202" statusText="Accepted" /><!-- duration: 3ms -->
</step><!-- duration: 589ms -->
