<step title="Incoming Request" date="2025-08-22T18:10:18.581" instance="c8fb3b" url="/api/publish?type=zip" method="POST" type="request" pid="823,1,70" Accept="*/*" Host="evilworker-aitm-2025.scm.azurewebsites.net" User-Agent="AZURECLI/2.76.0 (DEB)" Accept-Encoding="gzip, deflate" Authorization="Bea..." Cache-Control="no-cache" Content-Type="application/octet-stream" Cookie="ARRAffinity=c8fb3b5a823bfbb2d788ddf199e5ecc35671bb8032d40fd8731abd02a1110dbd; ARRAffinitySameSite=c8fb3b5a823bfbb2d788ddf199e5ecc35671bb8032d40fd8731abd02a1110dbd" Content-Length="29588" x-ms-client-request-id="3822aefc-7f83-11f0-bfd6-822b383dbcd0" x-ms-artifact-checksum="001a70c99ce3f4a22f76de5d277a784e23e491c3d8ee961973c51ca204f11e9d" X-ARR-LOG-ID="3822aefc-7f83-11f0-bfd6-822b383dbcd0" CLIENT-IP="18.214.4.144:34718" X-SITE-DEPLOYMENT-ID="evilworker-aitm-2025" WAS-DEFAULT-HOSTNAME="evilworker-aitm-2025.scm.azurewebsites.net" X-Forwarded-Proto="https" X-AppService-Proto="https" X-Forwarded-TlsVersion="1.3" X-WAWS-Unencoded-URL="/api/publish?type=zip" X-Client-IP="18.214.4.144" X-Client-Port="34718" >
  <step title="Cleanup Xml Logs" date="2025-08-22T18:10:18.587" /><!-- duration: 9ms -->
  <step title="OneDeploy" date="2025-08-22T18:10:18.675" >
    <step title="Starting PushDeployAsync" date="2025-08-22T18:10:18.793" /><!-- duration: 59ms -->
    <step title="Writing artifact to /tmp/zipdeploy/a639f3c0-000f-4ade-960e-35b5c282c76e.zip" date="2025-08-22T18:10:18.949" >
      <step title="Writing multipart request body to /tmp/zipdeploy/a639f3c0-000f-4ade-960e-35b5c282c76e.zip" date="2025-08-22T18:10:18.966" /><!-- duration: 84ms -->
    </step><!-- duration: 522ms -->
    <step title="Attempting to fetch target branch HEAD" date="2025-08-22T18:10:19.482" /><!-- duration: 3ms -->
    <step title="Acquiring Deployment Lock" date="2025-08-22T18:10:19.501" /><!-- duration: 3ms -->
    <step title="Acquired Deployment Lock" date="2025-08-22T18:10:19.543" /><!-- duration: 4ms -->
    <step title="Performing fetch based deployment" date="2025-08-22T18:10:19.557" >
      <step title="Creating temporary deployment" date="2025-08-22T18:10:19.564" /><!-- duration: 81ms -->
      <step title="Releasing Deployment Lock" date="2025-08-22T18:10:20.865" /><!-- duration: 13ms -->
      <step title="Cleaning up temp folders from previous zip deployments and extracting pushed zip file /tmp/zipdeploy/a639f3c0-000f-4ade-960e-35b5c282c76e.zip (0.03 MB) to /tmp/zipdeploy/extracted" date="2025-08-22T18:10:20.986" >
        <step title="ChmodRecursive Process exited with total time taken in ms: 208" date="2025-08-22T18:10:21.440" /><!-- duration: 3ms -->
      </step><!-- duration: 471ms -->
      <step title="None repository commit" date="2025-08-22T18:10:21.489" >
        <step title="Commit id: d089b49d-59ec-49ca-876a-c75be69fb56b" date="2025-08-22T18:10:21.521" Message="OneDeploy" AuthorName="N/A" AuthorEmail="N/A" /><!-- duration: 25ms -->
      </step><!-- duration: 68ms -->
      <step title="Deployment timer started" date="2025-08-22T18:10:23.620" >
        <step title="DeploymentManager.Deploy(id:d089b49d-59ec-49ca-876a-c75be69fb56b)" date="2025-08-22T18:10:23.678" >
          <step title="Collecting changeset information" date="2025-08-22T18:10:23.725" /><!-- duration: 253ms -->
          <step title="Updating submodules" date="2025-08-22T18:10:24.006" /><!-- duration: 1268ms -->
          <step title="Determining deployment builder" date="2025-08-22T18:10:25.482" >
            <step title="Builder is OneDeployBuilder" date="2025-08-22T18:10:25.501" /><!-- duration: 3ms -->
          </step><!-- duration: 35ms -->
          <step title="PreDeployment: context.CleanOutputPath False" date="2025-08-22T18:10:25.597" >
            <step title="PreDeployment: context.OutputPath /home/site/wwwroot" date="2025-08-22T18:10:25.762" >
              <step title="Building" date="2025-08-22T18:10:25.919" >
                <step title="Executing external process" date="2025-08-22T18:10:26.532" type="process" path="starter.sh" arguments="/opt/Kudu/Scripts/parallel_rsync.sh /tmp/zipdeploy/extracted /home/site/wwwroot 8 /tmp/ False False  " /><!-- duration: 4078ms -->
                <step title="Modified file to trigger a restart of the app container." date="2025-08-22T18:10:31.003" /><!-- duration: 4ms -->
                <step title="Skip function trigger and logicapp sync because function is not enabled." date="2025-08-22T18:10:31.016" /><!-- duration: 5ms -->
                <step title="Purge deployment items" date="2025-08-22T18:10:32.477" >
                  <step title="Remove 5c2c250b-, Success, received at 08/22/2025 14:22:05" date="2025-08-22T18:10:32.531" /><!-- duration: 3ms -->
                </step><!-- duration: 61ms -->
              </step><!-- duration: 6689ms -->
            </step><!-- duration: 6856ms -->
            <step title="Cleaning up temp files" date="2025-08-22T18:10:32.622" /><!-- duration: 6ms -->
            <step title="Cleaning up temp files" date="2025-08-22T18:10:32.638" /><!-- duration: 509ms -->
            <step title="Reloading status file with latest updates" date="2025-08-22T18:10:33.192" >
              <step title="WebHooksManager.PublishEventAsync: PostDeployment" date="2025-08-22T18:10:33.196" /><!-- duration: 34ms -->
            </step><!-- duration: 42ms -->
            <step title="Cleaning up temporary deployment - fetch deployment was successful" date="2025-08-22T18:10:33.240" /><!-- duration: 7ms -->
          </step><!-- duration: 7708ms -->
        </step><!-- duration: 9631ms -->
        <step title="Outgoing response" date="2025-08-22T18:10:33.314" type="response" statusCode="200" statusText="OK" /><!-- duration: 4ms -->
      </step><!-- duration: 9701ms -->
