<step title="BackgroundTrace" date="2025-08-22T16:38:45.436" instance="c8fb3b" url="/api/zipdeploy" method="POST" >
  <step title="Creating temporary deployment - FetchDeploymentManager" date="2025-08-22T16:38:45.524" /><!-- duration: 2ms -->
  <step title="Creating temporary deployment" date="2025-08-22T16:38:45.534" /><!-- duration: 85ms -->
  <step title="Performing fetch based deployment" date="2025-08-22T16:38:45.698" >
    <step title="Cleaning up temp folders from previous zip deployments and extracting pushed zip file /tmp/zipdeploy/8bd8b26b-b261-4ec1-ac12-7d440a7ebaf9.zip (0.03 MB) to /tmp/zipdeploy/extracted" date="2025-08-22T16:38:46.892" >
      <step title="ChmodRecursive Process exited with total time taken in ms: 132" date="2025-08-22T16:38:47.106" /><!-- duration: 4ms -->
    </step><!-- duration: 227ms -->
    <step title="Deployment timer started" date="2025-08-22T16:38:49.174" >
      <step title="DeploymentManager.Deploy(id:e7aeda8d-f69f-48ef-90e4-5e24ecf94fd9)" date="2025-08-22T16:38:49.188" >
        <step title="Collecting changeset information" date="2025-08-22T16:38:49.240" /><!-- duration: 94ms -->
        <step title="Updating submodules" date="2025-08-22T16:38:49.340" /><!-- duration: 1115ms -->
        <step title="Determining deployment builder" date="2025-08-22T16:38:50.718" >
          <step title="Builder is BasicBuilder" date="2025-08-22T16:38:50.741" /><!-- duration: 3ms -->
        </step><!-- duration: 31ms -->
        <step title="PreDeployment: context.CleanOutputPath False" date="2025-08-22T16:38:50.816" >
          <step title="PreDeployment: context.OutputPath /home/site/wwwroot" date="2025-08-22T16:38:50.952" >
            <step title="Building" date="2025-08-22T16:38:51.316" >
              <step title="Executing external process" date="2025-08-22T16:38:52.804" type="process" path="starter.sh" arguments="/opt/Kudu/Scripts/parallel_rsync.sh /tmp/zipdeploy/extracted /home/site/wwwroot 8 /tmp/ False True  " /><!-- duration: 5303ms -->
              <step title="Triggering recycle (preview mode disabled)." date="2025-08-22T16:38:58.418" /><!-- duration: 8ms -->
              <step title="Modified file to trigger a restart of the app container." date="2025-08-22T16:38:58.482" /><!-- duration: 10ms -->
              <step title="Skip function trigger and logicapp sync because function is not enabled." date="2025-08-22T16:38:58.511" /><!-- duration: 23ms -->
              <step title="Purge deployment items" date="2025-08-22T16:38:59.897" >
                <step title="Remove cd64d935-, Success, received at 08/22/2025 14:00:31" date="2025-08-22T16:38:59.988" /><!-- duration: 6ms -->
              </step><!-- duration: 104ms -->
            </step><!-- duration: 8808ms -->
          </step><!-- duration: 9223ms -->
          <step title="Cleaning up temp files" date="2025-08-22T16:39:00.179" /><!-- duration: 15ms -->
          <step title="Cleaning up temp files" date="2025-08-22T16:39:00.214" /><!-- duration: 541ms -->
          <step title="Reloading status file with latest updates" date="2025-08-22T16:39:00.834" >
            <step title="WebHooksManager.PublishEventAsync: PostDeployment" date="2025-08-22T16:39:00.861" /><!-- duration: 74ms -->
          </step><!-- duration: 112ms -->
          <step title="Cleaning up temporary deployment - fetch deployment was successful" date="2025-08-22T16:39:00.961" /><!-- duration: 4ms -->
        </step><!-- duration: 10316ms -->
      </step><!-- duration: 11980ms -->
