<step title="Incoming Request" date="2025-08-22T08:35:12.504" instance="891bef" url="/api/publish?type=zip" method="POST" type="request" pid="823,1,5" Accept="*/*" Host="evilworker-azure.scm.azurewebsites.net" User-Agent="AZURECLI/2.75.0 (HOMEBREW)" Accept-Encoding="gzip, deflate" Authorization="Bas..." Cache-Control="no-cache" Content-Type="application/octet-stream" Cookie="ARRAffinity=891bef7a020cfef4abc555877a9504eadcc1ed0d42d9cf876e4316b95d3237df; ARRAffinitySameSite=891bef7a020cfef4abc555877a9504eadcc1ed0d42d9cf876e4316b95d3237df" Content-Length="24036" x-ms-client-request-id="d2dd23ba-7f32-11f0-905a-ce6f0ac0b274" x-ms-artifact-checksum="5bf0d6afad1b2b842582db4ce577b416aeb68cf6473771b50f0c89093c5a59d7" X-ARR-LOG-ID="d2dd23ba-7f32-11f0-905a-ce6f0ac0b274" CLIENT-IP="102.216.154.29:64157" X-SITE-DEPLOYMENT-ID="evilworker-azure" WAS-DEFAULT-HOSTNAME="evilworker-azure.scm.azurewebsites.net" X-Forwarded-Proto="https" X-AppService-Proto="https" X-Forwarded-TlsVersion="1.3" X-WAWS-Unencoded-URL="/api/publish?type=zip" X-Client-IP="102.216.154.29" X-Client-Port="64157" >
  <step title="Cleanup Xml Logs" date="2025-08-22T08:35:12.507" /><!-- duration: 6ms -->
  <step title="OneDeploy" date="2025-08-22T08:35:12.626" >
    <step title="None repository commit" date="2025-08-22T08:35:12.639" >
      <step title="Commit id: b09151b2-4b36-46a2-b130-0d769591788d" date="2025-08-22T08:35:12.641" Message="N/A" AuthorName="N/A" AuthorEmail="N/A" /><!-- duration: 3ms -->
    </step><!-- duration: 9ms -->
    <step title="Starting PushDeployAsync" date="2025-08-22T08:35:12.650" /><!-- duration: 3ms -->
    <step title="Writing artifact to /tmp/zipdeploy/4208ad20-1b8e-4b39-8c21-8fe0b9713cf8.zip" date="2025-08-22T08:35:12.680" >
      <step title="Writing multipart request body to /tmp/zipdeploy/4208ad20-1b8e-4b39-8c21-8fe0b9713cf8.zip" date="2025-08-22T08:35:12.685" /><!-- duration: 11ms -->
    </step><!-- duration: 148ms -->
    <step title="Attempting to fetch target branch HEAD" date="2025-08-22T08:35:12.850" /><!-- duration: 3ms -->
    <step title="Acquiring Deployment Lock" date="2025-08-22T08:35:12.857" /><!-- duration: 11ms -->
    <step title="Acquired Deployment Lock" date="2025-08-22T08:35:12.920" /><!-- duration: 4ms -->
    <step title="Performing fetch based deployment" date="2025-08-22T08:35:12.933" >
      <step title="Creating temporary deployment" date="2025-08-22T08:35:12.941" /><!-- duration: 62ms -->
      <step title="Releasing Deployment Lock" date="2025-08-22T08:35:14.171" /><!-- duration: 6ms -->
      <step title="Cleaning up temp folders from previous zip deployments and extracting pushed zip file /tmp/zipdeploy/4208ad20-1b8e-4b39-8c21-8fe0b9713cf8.zip (0.02 MB) to /tmp/zipdeploy/extracted" date="2025-08-22T08:35:14.221" >
        <step title="ChmodRecursive Process exited with total time taken in ms: 70" date="2025-08-22T08:35:14.333" /><!-- duration: 11ms -->
      </step><!-- duration: 127ms -->
      <step title="None repository commit" date="2025-08-22T08:35:14.355" >
        <step title="Commit id: b09151b2-4b36-46a2-b130-0d769591788d" date="2025-08-22T08:35:14.364" Message="OneDeploy" AuthorName="N/A" AuthorEmail="N/A" /><!-- duration: 3ms -->
      </step><!-- duration: 15ms -->
      <step title="Deployment timer started" date="2025-08-22T08:35:16.405" >
        <step title="DeploymentManager.Deploy(id:b09151b2-4b36-46a2-b130-0d769591788d)" date="2025-08-22T08:35:16.413" >
          <step title="Collecting changeset information" date="2025-08-22T08:35:16.445" /><!-- duration: 92ms -->
          <step title="Updating submodules" date="2025-08-22T08:35:16.542" /><!-- duration: 1113ms -->
          <step title="Determining deployment builder" date="2025-08-22T08:35:17.851" >
            <step title="Builder is OneDeployBuilder" date="2025-08-22T08:35:17.873" /><!-- duration: 12ms -->
          </step><!-- duration: 37ms -->
          <step title="PreDeployment: context.CleanOutputPath False" date="2025-08-22T08:35:17.917" >
            <step title="PreDeployment: context.OutputPath /home/site/wwwroot" date="2025-08-22T08:35:18.021" >
              <step title="Building" date="2025-08-22T08:35:18.135" >
                <step title="Executing external process" date="2025-08-22T08:35:18.540" type="process" path="starter.sh" arguments="/opt/Kudu/Scripts/parallel_rsync.sh /tmp/zipdeploy/extracted /home/site/wwwroot 8 /tmp/ False False  " /><!-- duration: 2699ms -->
                <step title="Modified file to trigger a restart of the app container." date="2025-08-22T08:35:21.723" /><!-- duration: 3ms -->
                <step title="Skip function trigger and logicapp sync because function is not enabled." date="2025-08-22T08:35:21.731" /><!-- duration: 13ms -->
              </step><!-- duration: 4656ms -->
            </step><!-- duration: 4779ms -->
            <step title="Cleaning up temp files" date="2025-08-22T08:35:22.809" /><!-- duration: 4ms -->
            <step title="Cleaning up temp files" date="2025-08-22T08:35:22.820" /><!-- duration: 505ms -->
            <step title="Reloading status file with latest updates" date="2025-08-22T08:35:23.510" >
              <step title="WebHooksManager.PublishEventAsync: PostDeployment" date="2025-08-22T08:35:23.531" /><!-- duration: 242ms -->
            </step><!-- duration: 274ms -->
            <step title="Cleaning up temporary deployment - fetch deployment was successful" date="2025-08-22T08:35:23.824" /><!-- duration: 40ms -->
          </step><!-- duration: 6167ms -->
        </step><!-- duration: 7732ms -->
        <step title="Outgoing response" date="2025-08-22T08:35:24.215" type="response" statusCode="200" statusText="OK" /><!-- duration: 3ms -->
      </step><!-- duration: 7820ms -->
