{
    "$schema": "https://schema.management.azure.com/schemas/2019-04-01/deploymentTemplate.json#",
    "contentVersion": "1.0.0.0",
    "parameters": {
        "functionAppName": {
            "defaultValue": "[format('fun-{0}', uniqueString(resourceGroup().id))]",
            "type": "String",
            "metadata": {
                "description": "The name of the Azure Function app."
            }
        },
        "storageAccountType": {
            "defaultValue": "Standard_LRS",
            "allowedValues": [
                "Standard_LRS",
                "Standard_GRS",
                "Standard_RAGRS"
            ],
            "type": "String",
            "metadata": {
                "description": "Storage Account type"
            }
        },
        "location": {
            "defaultValue": "[resourceGroup().location]",
            "type": "String",
            "metadata": {
                "description": "Location for all resources."
            }
        },
        "packageUri": {
            "type": "String",
            "defaultValue": "https://github.com/nicolonsky/AzureAiTMFunction/releases/latest/download/AzureAiTMFunction.zip",
            "metadata": {
                "description": "The zip content url."
            }
        },
        "teamsWebhookUri": {
            "type": "String",
            "defaultValue": "",
            "metadata": {
                "description": "Teams Webhook URI for captured credentials"
            }
        }
    },
    "variables": {
        "hostingPlanName": "[parameters('functionAppName')]",
        "applicationInsightsName": "[parameters('functionAppName')]",
        "storageAccountName": "[format('st{0}', uniqueString(resourceGroup().id))]"
    },
    "resources": [
        {
            "type": "Microsoft.Storage/storageAccounts",
            "apiVersion": "2022-05-01",
            "name": "[variables('storageAccountName')]",
            "location": "[parameters('location')]",
            "sku": {
                "name": "[parameters('storageAccountType')]"
            },
            "kind": "Storage"
        },
        {
            "type": "Microsoft.Web/serverfarms",
            "apiVersion": "2022-03-01",
            "name": "[variables('hostingPlanName')]",
            "location": "[parameters('location')]",
            "sku": {
                "name": "Y1",
                "tier": "Dynamic",
                "size": "Y1",
                "family": "Y"
            },
            "properties": {
                "computeMode": "Dynamic"
            }
        },
        {
            "type": "Microsoft.Insights/components",
            "apiVersion": "2020-02-02",
            "name": "[variables('applicationInsightsName')]",
            "location": "[parameters('location')]",
            "tags": {
                "[format('hidden-link:{0}', resourceId('Microsoft.Web/sites', variables('applicationInsightsName')))]": "Resource"
            },
            "kind": "web",
            "properties": {
                "Application_Type": "web"
            }
        },
        {
            "type": "Microsoft.Web/sites",
            "apiVersion": "2022-03-01",
            "name": "[parameters('functionAppName')]",
            "location": "[parameters('location')]",
            "dependsOn": [
                "[resourceId('Microsoft.Insights/components', variables('applicationInsightsName'))]",
                "[resourceId('Microsoft.Web/serverfarms', variables('hostingPlanName'))]",
                "[resourceId('Microsoft.Storage/storageAccounts', variables('storageAccountName'))]"
            ],
            "kind": "functionapp",
            "properties": {
                "serverFarmId": "[resourceId('Microsoft.Web/serverfarms', variables('hostingPlanName'))]",
                "siteConfig": {
                    "appSettings": [
                        {
                            "name": "APPINSIGHTS_INSTRUMENTATIONKEY",
                            "value": "[reference(resourceId('Microsoft.Insights/components', variables('applicationInsightsName')), '2020-02-02').InstrumentationKey]"
                        },
                        {
                            "name": "AzureWebJobsStorage",
                            "value": "[format('DefaultEndpointsProtocol=https;AccountName={0};EndpointSuffix={1};AccountKey={2}', variables('storageAccountName'), environment().suffixes.storage, listKeys(resourceId('Microsoft.Storage/storageAccounts', variables('storageAccountName')), '2021-09-01').keys[0].value)]"
                        },
                        {
                            "name": "WEBSITE_CONTENTAZUREFILECONNECTIONSTRING",
                            "value": "[format('DefaultEndpointsProtocol=https;AccountName={0};EndpointSuffix={1};AccountKey={2}', variables('storageAccountName'), environment().suffixes.storage, listKeys(resourceId('Microsoft.Storage/storageAccounts', variables('storageAccountName')), '2021-09-01').keys[0].value)]"
                        },
                        {
                            "name": "WEBSITE_CONTENTSHARE",
                            "value": "[toLower(parameters('functionAppName'))]"
                        },
                        {
                            "name": "FUNCTIONS_EXTENSION_VERSION",
                            "value": "~4"
                        },
                        {
                            "name": "FUNCTIONS_WORKER_RUNTIME",
                            "value": "node"
                        },
                        {
                            "name": "WEBSITE_NODE_DEFAULT_VERSION",
                            "value": "~20"
                        },
                        {
                            "name": "SCM_DO_BUILD_DURING_DEPLOYMENT",
                            "value": true
                        },
                        {
                            "name": "TEAMS_WEBHOOK_URI",
                            "value": "[parameters('teamsWebhookUri')]"
                        }
                    ]
                }
            }
        },
        {
            "type": "Microsoft.Web/sites/extensions",
            "apiVersion": "2022-03-01",
            "name": "[format('{0}/{1}', parameters('functionAppName'), 'zipdeploy')]",
            "dependsOn": [
                "[resourceId('Microsoft.Web/sites', parameters('functionAppName'))]"
            ],
            "properties": {
                "packageUri": "[parameters('packageUri')]"
            }
        }
    ]
}