﻿<?xml version="1.0" encoding="utf-8"?>
<deployment>
  <id>b2b2b3d1-1427-4c88-ad65-4557742ffd43</id>
  <author>N/A</author>
  <deployer>OneDeploy</deployer>
  <authorEmail>N/A</authorEmail>
  <message>OneDeploy</message>
  <progress></progress>
  <status>Success</status>
  <statusText></statusText>
  <lastSuccessEndTime>2025-08-23T11:16:35.4767694Z</lastSuccessEndTime>
  <receivedTime>2025-08-23T11:16:29.9472948Z</receivedTime>
  <startTime>2025-08-23T11:16:31.3023816Z</startTime>
  <endTime>2025-08-23T11:16:35.4767694Z</endTime>
  <complete>True</complete>
  <is_temp>False</is_temp>
  <is_readonly>True</is_readonly>
  <buildSummary />
</deployment>