﻿<?xml version="1.0" encoding="utf-8"?>
<deployment>
  <id>47dd804b-9589-44e4-ba78-e15648660c03</id>
  <author>N/A</author>
  <deployer>OneDeploy</deployer>
  <authorEmail>N/A</authorEmail>
  <message>OneDeploy</message>
  <progress></progress>
  <status>Success</status>
  <statusText></statusText>
  <lastSuccessEndTime>2025-08-23T08:23:55.2870587Z</lastSuccessEndTime>
  <receivedTime>2025-08-23T08:23:46.8573836Z</receivedTime>
  <startTime>2025-08-23T08:23:48.262562Z</startTime>
  <endTime>2025-08-23T08:23:55.2870587Z</endTime>
  <complete>True</complete>
  <is_temp>False</is_temp>
  <is_readonly>True</is_readonly>
  <buildSummary />
</deployment>