<step title="Incoming Request" date="2025-08-22T05:50:12.163" instance="891bef" url="/api/zipdeploy?isAsync=true" method="POST" type="request" pid="824,1,7" Accept="*/*" Host="evilworker-azure.scm.azurewebsites.net" User-Agent="AZURECLI/2.75.0 (HOMEBREW)" Accept-Encoding="gzip, deflate" Authorization="Bas..." Cache-Control="no-cache" Content-Type="application/octet-stream" Content-Length="58276" x-ms-client-request-id="be78f56e-7f1b-11f0-81cb-ce6f0ac0b274" x-ms-artifact-checksum="f0b7f84cbc30daa2dec802fca34107ab98f9f3268b6413a6a2e5ada97ae4a540" X-ARR-LOG-ID="be78f56e-7f1b-11f0-81cb-ce6f0ac0b274" CLIENT-IP="102.216.154.29:63969" X-SITE-DEPLOYMENT-ID="evilworker-azure" WAS-DEFAULT-HOSTNAME="evilworker-azure.scm.azurewebsites.net" X-Forwarded-Proto="https" X-AppService-Proto="https" X-Forwarded-TlsVersion="1.3" X-WAWS-Unencoded-URL="/api/zipdeploy?isAsync=true" X-Client-IP="102.216.154.29" X-Client-Port="63969" >
  <step title="ZipPushDeploy" date="2025-08-22T05:50:12.840" >
    <step title="ZipDeploy. Extract zip." date="2025-08-22T05:50:12.854" /><!-- duration: 6ms -->
    <step title="None repository commit" date="2025-08-22T05:50:12.871" >
      <step title="Commit id: b3779e16-f44c-424c-bfb2-c580b2a71905" date="2025-08-22T05:50:12.874" Message="N/A" AuthorName="N/A" AuthorEmail="N/A" /><!-- duration: 8ms -->
    </step><!-- duration: 14ms -->
    <step title="Starting PushDeployAsync" date="2025-08-22T05:50:12.888" /><!-- duration: 3ms -->
    <step title="Writing artifact to /tmp/zipdeploy/1164317e-29f5-4313-b78b-b217bb640963.zip" date="2025-08-22T05:50:12.914" >
      <step title="Writing multipart request body to /tmp/zipdeploy/1164317e-29f5-4313-b78b-b217bb640963.zip" date="2025-08-22T05:50:12.918" /><!-- duration: 5ms -->
    </step><!-- duration: 108ms -->
    <step title="Start deployment in the background" date="2025-08-22T05:50:13.034" >
      <step title="Acquiring Deployment Lock" date="2025-08-22T05:50:13.075" /><!-- duration: 6ms -->
      <step title="Acquired Deployment Lock" date="2025-08-22T05:50:13.145" /><!-- duration: 28ms -->
    </step><!-- duration: 402ms -->
  </step><!-- duration: 637ms -->
  <step title="Outgoing response" date="2025-08-22T05:50:13.635" type="response" statusCode="202" statusText="Accepted" /><!-- duration: 22ms -->
</step><!-- duration: 1523ms -->
