<step title="Incoming Request" date="2025-08-22T06:35:26.811" instance="891bef" url="/api/publish?type=zip" method="POST" type="request" pid="825,1,5" Accept="*/*" Host="evilworker-azure.scm.azurewebsites.net" User-Agent="AZURECLI/2.75.0 (HOMEBREW)" Accept-Encoding="gzip, deflate" Authorization="Bas..." Cache-Control="no-cache" Content-Type="application/octet-stream" Cookie="ARRAffinity=891bef7a020cfef4abc555877a9504eadcc1ed0d42d9cf876e4316b95d3237df; ARRAffinitySameSite=891bef7a020cfef4abc555877a9504eadcc1ed0d42d9cf876e4316b95d3237df" Content-Length="23535" x-ms-client-request-id="2595764a-7f22-11f0-ab4a-ce6f0ac0b274" x-ms-artifact-checksum="3bff7162a96884741ee0979f90aed69c3d32c0025a7f37c479c793defb8f652f" X-ARR-LOG-ID="2595764a-7f22-11f0-ab4a-ce6f0ac0b274" CLIENT-IP="102.216.154.29:63968" X-SITE-DEPLOYMENT-ID="evilworker-azure" WAS-DEFAULT-HOSTNAME="evilworker-azure.scm.azurewebsites.net" X-Forwarded-Proto="https" X-AppService-Proto="https" X-Forwarded-TlsVersion="1.3" X-WAWS-Unencoded-URL="/api/publish?type=zip" X-Client-IP="102.216.154.29" X-Client-Port="63968" >
  <step title="OneDeploy" date="2025-08-22T06:35:26.920" >
    <step title="None repository commit" date="2025-08-22T06:35:26.971" >
      <step title="Commit id: fe3fc418-b67b-4c4e-af80-e89a44c562bc" date="2025-08-22T06:35:26.981" Message="N/A" AuthorName="N/A" AuthorEmail="N/A" /><!-- duration: 16ms -->
    </step><!-- duration: 30ms -->
    <step title="Starting PushDeployAsync" date="2025-08-22T06:35:27.009" /><!-- duration: 11ms -->
    <step title="Writing artifact to /tmp/zipdeploy/c43a6c97-be81-467a-b6ba-58ace5568f97.zip" date="2025-08-22T06:35:27.062" >
      <step title="Writing multipart request body to /tmp/zipdeploy/c43a6c97-be81-467a-b6ba-58ace5568f97.zip" date="2025-08-22T06:35:27.101" /><!-- duration: 10ms -->
    </step><!-- duration: 179ms -->
    <step title="Attempting to fetch target branch HEAD" date="2025-08-22T06:35:27.253" /><!-- duration: 3ms -->
    <step title="Acquiring Deployment Lock" date="2025-08-22T06:35:27.260" /><!-- duration: 19ms -->
    <step title="Acquired Deployment Lock" date="2025-08-22T06:35:27.316" /><!-- duration: 3ms -->
    <step title="Performing fetch based deployment" date="2025-08-22T06:35:27.326" >
      <step title="Creating temporary deployment" date="2025-08-22T06:35:27.330" /><!-- duration: 49ms -->
      <step title="Releasing Deployment Lock" date="2025-08-22T06:35:28.531" /><!-- duration: 8ms -->
      <step title="Cleaning up temp folders from previous zip deployments and extracting pushed zip file /tmp/zipdeploy/c43a6c97-be81-467a-b6ba-58ace5568f97.zip (0.02 MB) to /tmp/zipdeploy/extracted" date="2025-08-22T06:35:28.582" >
        <step title="ChmodRecursive Process exited with total time taken in ms: 49" date="2025-08-22T06:35:28.681" /><!-- duration: 3ms -->
      </step><!-- duration: 111ms -->
      <step title="None repository commit" date="2025-08-22T06:35:28.705" >
        <step title="Commit id: fe3fc418-b67b-4c4e-af80-e89a44c562bc" date="2025-08-22T06:35:28.711" Message="OneDeploy" AuthorName="N/A" AuthorEmail="N/A" /><!-- duration: 3ms -->
      </step><!-- duration: 13ms -->
      <step title="Deployment timer started" date="2025-08-22T06:35:30.727" >
        <step title="DeploymentManager.Deploy(id:fe3fc418-b67b-4c4e-af80-e89a44c562bc)" date="2025-08-22T06:35:30.735" >
          <step title="Collecting changeset information" date="2025-08-22T06:35:30.761" /><!-- duration: 86ms -->
          <step title="Updating submodules" date="2025-08-22T06:35:30.854" /><!-- duration: 1137ms -->
          <step title="Determining deployment builder" date="2025-08-22T06:35:32.201" >
            <step title="Builder is OneDeployBuilder" date="2025-08-22T06:35:32.224" /><!-- duration: 3ms -->
          </step><!-- duration: 31ms -->
          <step title="PreDeployment: context.CleanOutputPath False" date="2025-08-22T06:35:32.283" >
            <step title="PreDeployment: context.OutputPath /home/site/wwwroot" date="2025-08-22T06:35:32.398" >
              <step title="Building" date="2025-08-22T06:35:32.551" >
                <step title="Executing external process" date="2025-08-22T06:35:33.006" type="process" path="starter.sh" arguments="/opt/Kudu/Scripts/parallel_rsync.sh /tmp/zipdeploy/extracted /home/site/wwwroot 8 /tmp/ False False  " /><!-- duration: 2592ms -->
                <step title="Modified file to trigger a restart of the app container." date="2025-08-22T06:35:35.975" /><!-- duration: 5ms -->
                <step title="Skip function trigger and logicapp sync because function is not enabled." date="2025-08-22T06:35:35.986" /><!-- duration: 6ms -->
              </step><!-- duration: 4138ms -->
            </step><!-- duration: 4296ms -->
            <step title="Cleaning up temp files" date="2025-08-22T06:35:36.697" /><!-- duration: 20ms -->
            <step title="Cleaning up temp files" date="2025-08-22T06:35:36.724" /><!-- duration: 518ms -->
            <step title="Reloading status file with latest updates" date="2025-08-22T06:35:37.282" >
              <step title="WebHooksManager.PublishEventAsync: PostDeployment" date="2025-08-22T06:35:37.293" /><!-- duration: 131ms -->
            </step><!-- duration: 150ms -->
            <step title="Cleaning up temporary deployment - fetch deployment was successful" date="2025-08-22T06:35:37.442" /><!-- duration: 3ms -->
          </step><!-- duration: 5219ms -->
        </step><!-- duration: 6774ms -->
        <step title="Outgoing response" date="2025-08-22T06:35:37.523" type="response" statusCode="200" statusText="OK" /><!-- duration: 4ms -->
      </step><!-- duration: 6803ms -->
