﻿<?xml version="1.0" encoding="utf-8"?>
<deployment>
  <id>9f737dcc-2e45-49cb-80a5-5035951ee56f</id>
  <author>N/A</author>
  <deployer>OneDeploy</deployer>
  <authorEmail>N/A</authorEmail>
  <message>OneDeploy</message>
  <progress></progress>
  <status>Success</status>
  <statusText></statusText>
  <lastSuccessEndTime>2025-08-23T12:23:06.1618736Z</lastSuccessEndTime>
  <receivedTime>2025-08-23T12:22:00.5061898Z</receivedTime>
  <startTime>2025-08-23T12:22:07.294467Z</startTime>
  <endTime>2025-08-23T12:23:06.1618736Z</endTime>
  <complete>True</complete>
  <is_temp>False</is_temp>
  <is_readonly>True</is_readonly>
  <buildSummary />
</deployment>