﻿<?xml version="1.0" encoding="utf-8"?>
<deployment>
  <id>251fb83d-4012-4d71-9383-681eef93b5d0</id>
  <author>N/A</author>
  <deployer>OneDeploy</deployer>
  <authorEmail>N/A</authorEmail>
  <message>OneDeploy</message>
  <progress></progress>
  <status>Success</status>
  <statusText></statusText>
  <lastSuccessEndTime>2025-08-23T11:30:43.6776803Z</lastSuccessEndTime>
  <receivedTime>2025-08-23T11:30:36.4556359Z</receivedTime>
  <startTime>2025-08-23T11:30:37.8141488Z</startTime>
  <endTime>2025-08-23T11:30:43.6776803Z</endTime>
  <complete>True</complete>
  <is_temp>False</is_temp>
  <is_readonly>True</is_readonly>
  <buildSummary />
</deployment>