﻿<?xml version="1.0" encoding="utf-8"?>
<deployment>
  <id>65c3503a-2a95-4c23-b264-9b8ef8335505</id>
  <author>N/A</author>
  <deployer>OneDeploy</deployer>
  <authorEmail>N/A</authorEmail>
  <message>OneDeploy</message>
  <progress></progress>
  <status>Success</status>
  <statusText></statusText>
  <lastSuccessEndTime>2025-08-23T09:17:33.627665Z</lastSuccessEndTime>
  <receivedTime>2025-08-23T09:17:26.4591166Z</receivedTime>
  <startTime>2025-08-23T09:17:27.7736407Z</startTime>
  <endTime>2025-08-23T09:17:33.627665Z</endTime>
  <complete>True</complete>
  <is_temp>False</is_temp>
  <is_readonly>True</is_readonly>
  <buildSummary />
</deployment>