﻿<?xml version="1.0" encoding="utf-8"?>
<deployment>
  <id>fc295fe3-9074-4718-9089-c409f891874f</id>
  <author>N/A</author>
  <deployer>Push-Deployer</deployer>
  <authorEmail>N/A</authorEmail>
  <message>Created via a push deployment</message>
  <progress></progress>
  <status>Success</status>
  <statusText></statusText>
  <lastSuccessEndTime>2025-08-22T13:01:35.1018927Z</lastSuccessEndTime>
  <receivedTime>2025-08-22T13:01:28.0453939Z</receivedTime>
  <startTime>2025-08-22T13:01:29.3713143Z</startTime>
  <endTime>2025-08-22T13:01:35.1018927Z</endTime>
  <complete>True</complete>
  <is_temp>False</is_temp>
  <is_readonly>True</is_readonly>
  <buildSummary />
</deployment>