﻿<?xml version="1.0" encoding="utf-8"?>
<deployment>
  <id>b322e0b2-997b-445e-ae22-e9c969f28a75</id>
  <author>N/A</author>
  <deployer>OneDeploy</deployer>
  <authorEmail>N/A</authorEmail>
  <message>OneDeploy</message>
  <progress></progress>
  <status>Success</status>
  <statusText></statusText>
  <lastSuccessEndTime>2025-08-23T09:12:36.4541646Z</lastSuccessEndTime>
  <receivedTime>2025-08-23T09:12:29.0112546Z</receivedTime>
  <startTime>2025-08-23T09:12:30.3647379Z</startTime>
  <endTime>2025-08-23T09:12:36.4541646Z</endTime>
  <complete>True</complete>
  <is_temp>False</is_temp>
  <is_readonly>True</is_readonly>
  <buildSummary />
</deployment>