﻿<?xml version="1.0" encoding="utf-8"?>
<deployment>
  <id>37eeee90-4c91-4ef9-afaf-3c86aed256ad</id>
  <author>N/A</author>
  <deployer>OneDeploy</deployer>
  <authorEmail>N/A</authorEmail>
  <message>OneDeploy</message>
  <progress></progress>
  <status>Success</status>
  <statusText></statusText>
  <lastSuccessEndTime>2025-08-23T12:09:53.3739273Z</lastSuccessEndTime>
  <receivedTime>2025-08-23T12:09:44.6148517Z</receivedTime>
  <startTime>2025-08-23T12:09:46.1046483Z</startTime>
  <endTime>2025-08-23T12:09:53.3739273Z</endTime>
  <complete>True</complete>
  <is_temp>False</is_temp>
  <is_readonly>True</is_readonly>
  <buildSummary />
</deployment>