﻿<?xml version="1.0" encoding="utf-8"?>
<deployment>
  <id>641ba1e7-e5af-4284-aefd-4a2da309c76a</id>
  <author>N/A</author>
  <deployer>OneDeploy</deployer>
  <authorEmail>N/A</authorEmail>
  <message>OneDeploy</message>
  <progress></progress>
  <status>Success</status>
  <statusText></statusText>
  <lastSuccessEndTime>2025-08-23T08:28:11.5893023Z</lastSuccessEndTime>
  <receivedTime>2025-08-23T08:28:04.6373482Z</receivedTime>
  <startTime>2025-08-23T08:28:05.9524207Z</startTime>
  <endTime>2025-08-23T08:28:11.5893023Z</endTime>
  <complete>True</complete>
  <is_temp>False</is_temp>
  <is_readonly>True</is_readonly>
  <buildSummary />
</deployment>