﻿<?xml version="1.0" encoding="utf-8"?>
<deployment>
  <id>08fcf6ab-55fc-49a1-b533-636cd3ef0990</id>
  <author>N/A</author>
  <deployer>OneDeploy</deployer>
  <authorEmail>N/A</authorEmail>
  <message>OneDeploy</message>
  <progress></progress>
  <status>Success</status>
  <statusText></statusText>
  <lastSuccessEndTime>2025-08-23T12:14:25.693662Z</lastSuccessEndTime>
  <receivedTime>2025-08-23T12:14:17.8731605Z</receivedTime>
  <startTime>2025-08-23T12:14:19.3700503Z</startTime>
  <endTime>2025-08-23T12:14:25.693662Z</endTime>
  <complete>True</complete>
  <is_temp>False</is_temp>
  <is_readonly>True</is_readonly>
  <buildSummary />
</deployment>