<step title="Incoming Request" date="2025-08-22T16:00:15.096" instance="c8fb3b" url="/api/zipdeploy?isAsync=true" method="POST" type="request" pid="821,1,34" Accept="*/*" Host="evilworker-aitm-2025.scm.azurewebsites.net" User-Agent="AZURECLI/2.76.0 (DEB)" Accept-Encoding="gzip, deflate" Authorization="Bea..." Cache-Control="no-cache" Content-Type="application/octet-stream" Cookie="ARRAffinity=c8fb3b5a823bfbb2d788ddf199e5ecc35671bb8032d40fd8731abd02a1110dbd; ARRAffinitySameSite=c8fb3b5a823bfbb2d788ddf199e5ecc35671bb8032d40fd8731abd02a1110dbd" Content-Length="34013" x-ms-client-request-id="112a9c2c-7f71-11f0-a16e-822b383dbcd0" x-ms-artifact-checksum="946fb37f6522ef5d58e7e172ee4fde5e903225b44ec6b239dcab25c2c02c2d13" X-ARR-LOG-ID="112a9c2c-7f71-11f0-a16e-822b383dbcd0" CLIENT-IP="23.22.210.59:46756" X-SITE-DEPLOYMENT-ID="evilworker-aitm-2025" WAS-DEFAULT-HOSTNAME="evilworker-aitm-2025.scm.azurewebsites.net" X-Forwarded-Proto="https" X-AppService-Proto="https" X-Forwarded-TlsVersion="1.3" X-WAWS-Unencoded-URL="/api/zipdeploy?isAsync=true" X-Client-IP="23.22.210.59" X-Client-Port="46756" >
  <step title="ZipPushDeploy" date="2025-08-22T16:00:15.104" >
    <step title="ZipDeploy. Extract zip." date="2025-08-22T16:00:15.109" /><!-- duration: 3ms -->
    <step title="Starting PushDeployAsync" date="2025-08-22T16:00:15.116" /><!-- duration: 3ms -->
    <step title="Writing artifact to /tmp/zipdeploy/8fa5d284-e4d2-47eb-be4a-0afc370f7dc6.zip" date="2025-08-22T16:00:15.131" >
      <step title="Writing multipart request body to /tmp/zipdeploy/8fa5d284-e4d2-47eb-be4a-0afc370f7dc6.zip" date="2025-08-22T16:00:15.134" /><!-- duration: 11ms -->
    </step><!-- duration: 58ms -->
    <step title="Start deployment in the background" date="2025-08-22T16:00:15.198" >
      <step title="Acquiring Deployment Lock" date="2025-08-22T16:00:15.216" /><!-- duration: 3ms -->
      <step title="Acquired Deployment Lock" date="2025-08-22T16:00:15.244" /><!-- duration: 3ms -->
    </step><!-- duration: 110ms -->
  </step><!-- duration: 207ms -->
  <step title="Outgoing response" date="2025-08-22T16:00:15.316" type="response" statusCode="202" statusText="Accepted" /><!-- duration: 4ms -->
</step><!-- duration: 232ms -->
