<step title="Incoming Request" date="2025-08-23T07:56:37.663" instance="c8fb3b" url="/api/publish?type=zip" method="POST" type="request" pid="821,1,3" Accept="*/*" Host="evilworker-aitm-2025.scm.azurewebsites.net" User-Agent="AZURECLI/2.76.0 (DEB)" Accept-Encoding="gzip, deflate" Authorization="Bea..." Cache-Control="no-cache" Content-Type="application/octet-stream" Cookie="ARRAffinity=c8fb3b5a823bfbb2d788ddf199e5ecc35671bb8032d40fd8731abd02a1110dbd; ARRAffinitySameSite=c8fb3b5a823bfbb2d788ddf199e5ecc35671bb8032d40fd8731abd02a1110dbd" Content-Length="33408" x-ms-client-request-id="adc439d2-7ff6-11f0-bc8c-822b383dbcd0" x-ms-artifact-checksum="a0bcd9c4280265526e564871ca26ad06aeae28ca348e1c49289ac53cf28e516a" X-ARR-LOG-ID="adc439d2-7ff6-11f0-bc8c-822b383dbcd0" CLIENT-IP="34.199.139.218:39000" X-SITE-DEPLOYMENT-ID="evilworker-aitm-2025" WAS-DEFAULT-HOSTNAME="evilworker-aitm-2025.scm.azurewebsites.net" X-Forwarded-Proto="https" X-AppService-Proto="https" X-Forwarded-TlsVersion="1.3" X-WAWS-Unencoded-URL="/api/publish?type=zip" X-Client-IP="34.199.139.218" X-Client-Port="39000" >
  <step title="OneDeploy" date="2025-08-23T07:56:37.714" >
    <step title="None repository commit" date="2025-08-23T07:56:37.733" >
      <step title="Commit id: c9b9f56b-13d9-41e7-9b98-992d7522e1fa" date="2025-08-23T07:56:37.737" Message="N/A" AuthorName="N/A" AuthorEmail="N/A" /><!-- duration: 3ms -->
    </step><!-- duration: 11ms -->
    <step title="Starting PushDeployAsync" date="2025-08-23T07:56:37.758" /><!-- duration: 4ms -->
    <step title="Writing artifact to /tmp/zipdeploy/311a791c-eb5e-4c1a-af20-0cf47c6465e9.zip" date="2025-08-23T07:56:37.786" >
      <step title="Writing multipart request body to /tmp/zipdeploy/311a791c-eb5e-4c1a-af20-0cf47c6465e9.zip" date="2025-08-23T07:56:37.794" /><!-- duration: 12ms -->
    </step><!-- duration: 119ms -->
    <step title="Attempting to fetch target branch HEAD" date="2025-08-23T07:56:37.919" /><!-- duration: 5ms -->
    <step title="Acquiring Deployment Lock" date="2025-08-23T07:56:37.928" /><!-- duration: 6ms -->
    <step title="Acquired Deployment Lock" date="2025-08-23T07:56:37.999" /><!-- duration: 4ms -->
    <step title="Performing fetch based deployment" date="2025-08-23T07:56:38.017" >
      <step title="Creating temporary deployment" date="2025-08-23T07:56:38.022" /><!-- duration: 117ms -->
      <step title="Releasing Deployment Lock" date="2025-08-23T07:56:39.300" /><!-- duration: 9ms -->
      <step title="Cleaning up temp folders from previous zip deployments and extracting pushed zip file /tmp/zipdeploy/311a791c-eb5e-4c1a-af20-0cf47c6465e9.zip (0.03 MB) to /tmp/zipdeploy/extracted" date="2025-08-23T07:56:39.347" >
        <step title="ChmodRecursive Process exited with total time taken in ms: 72" date="2025-08-23T07:56:39.499" /><!-- duration: 11ms -->
      </step><!-- duration: 185ms -->
      <step title="None repository commit" date="2025-08-23T07:56:39.546" >
        <step title="Commit id: c9b9f56b-13d9-41e7-9b98-992d7522e1fa" date="2025-08-23T07:56:39.555" Message="OneDeploy" AuthorName="N/A" AuthorEmail="N/A" /><!-- duration: 6ms -->
      </step><!-- duration: 19ms -->
      <step title="Deployment timer started" date="2025-08-23T07:56:41.607" >
        <step title="DeploymentManager.Deploy(id:c9b9f56b-13d9-41e7-9b98-992d7522e1fa)" date="2025-08-23T07:56:41.620" >
          <step title="Collecting changeset information" date="2025-08-23T07:56:41.667" /><!-- duration: 116ms -->
          <step title="Updating submodules" date="2025-08-23T07:56:41.790" /><!-- duration: 1132ms -->
          <step title="Determining deployment builder" date="2025-08-23T07:56:43.135" >
            <step title="Builder is OneDeployBuilder" date="2025-08-23T07:56:43.150" /><!-- duration: 3ms -->
          </step><!-- duration: 25ms -->
          <step title="PreDeployment: context.CleanOutputPath False" date="2025-08-23T07:56:43.223" >
            <step title="PreDeployment: context.OutputPath /home/site/wwwroot" date="2025-08-23T07:56:43.364" >
              <step title="Building" date="2025-08-23T07:56:43.496" >
                <step title="Executing external process" date="2025-08-23T07:56:44.117" type="process" path="starter.sh" arguments="/opt/Kudu/Scripts/parallel_rsync.sh /tmp/zipdeploy/extracted /home/site/wwwroot 8 /tmp/ False False  " /><!-- duration: 8347ms -->
                <step title="Modified file to trigger a restart of the app container." date="2025-08-23T07:56:52.944" /><!-- duration: 4ms -->
                <step title="Skip function trigger and logicapp sync because function is not enabled." date="2025-08-23T07:56:52.958" /><!-- duration: 9ms -->
                <step title="Purge deployment items" date="2025-08-23T07:56:54.234" >
                  <step title="Remove 4f0ea601-, Success, received at 08/22/2025 16:00:18" date="2025-08-23T07:56:54.291" /><!-- duration: 11ms -->
                </step><!-- duration: 71ms -->
              </step><!-- duration: 10901ms -->
            </step><!-- duration: 11071ms -->
            <step title="Cleaning up temp files" date="2025-08-23T07:56:54.439" /><!-- duration: 5ms -->
            <step title="Cleaning up temp files" date="2025-08-23T07:56:54.454" /><!-- duration: 539ms -->
            <step title="Reloading status file with latest updates" date="2025-08-23T07:56:55.019" >
              <step title="WebHooksManager.PublishEventAsync: PostDeployment" date="2025-08-23T07:56:55.024" /><!-- duration: 107ms -->
            </step><!-- duration: 117ms -->
            <step title="Cleaning up temporary deployment - fetch deployment was successful" date="2025-08-23T07:56:55.143" /><!-- duration: 4ms -->
          </step><!-- duration: 12018ms -->
        </step><!-- duration: 13630ms -->
        <step title="Outgoing response" date="2025-08-23T07:56:55.261" type="response" statusCode="200" statusText="OK" /><!-- duration: 5ms -->
      </step><!-- duration: 13664ms -->
