<step title="Incoming Request" date="2025-08-22T13:54:12.309" instance="c8fb3b" url="/api/zipdeploy?isAsync=true" method="POST" type="request" pid="821,1,45" Accept="*/*" Host="evilworker-aitm-2025.scm.azurewebsites.net" User-Agent="AZURECLI/2.76.0 (DEB)" Accept-Encoding="gzip, deflate" Authorization="Bea..." Cache-Control="no-cache" Content-Type="application/octet-stream" Cookie="ARRAffinity=c8fb3b5a823bfbb2d788ddf199e5ecc35671bb8032d40fd8731abd02a1110dbd; ARRAffinitySameSite=c8fb3b5a823bfbb2d788ddf199e5ecc35671bb8032d40fd8731abd02a1110dbd" Content-Length="29185" x-ms-client-request-id="75277afe-7f5f-11f0-8f5f-822b383dbcd0" x-ms-artifact-checksum="f550d29f949ca6a21654b50f6f02872c14eb7454ca5881b66df179649f3dd939" X-ARR-LOG-ID="75277afe-7f5f-11f0-8f5f-822b383dbcd0" CLIENT-IP="18.214.4.144:38070" X-SITE-DEPLOYMENT-ID="evilworker-aitm-2025" WAS-DEFAULT-HOSTNAME="evilworker-aitm-2025.scm.azurewebsites.net" X-Forwarded-Proto="https" X-AppService-Proto="https" X-Forwarded-TlsVersion="1.3" X-WAWS-Unencoded-URL="/api/zipdeploy?isAsync=true" X-Client-IP="18.214.4.144" X-Client-Port="38070" >
  <step title="ZipPushDeploy" date="2025-08-22T13:54:12.339" >
    <step title="ZipDeploy. Extract zip." date="2025-08-22T13:54:12.351" /><!-- duration: 4ms -->
    <step title="Starting PushDeployAsync" date="2025-08-22T13:54:12.361" /><!-- duration: 19ms -->
    <step title="Writing artifact to /tmp/zipdeploy/578edbbd-0a56-4383-98c9-fbf0b1b955d9.zip" date="2025-08-22T13:54:12.411" >
      <step title="Writing multipart request body to /tmp/zipdeploy/578edbbd-0a56-4383-98c9-fbf0b1b955d9.zip" date="2025-08-22T13:54:12.424" /><!-- duration: 6ms -->
    </step><!-- duration: 103ms -->
    <step title="Start deployment in the background" date="2025-08-22T13:54:12.522" >
      <step title="Acquiring Deployment Lock" date="2025-08-22T13:54:12.542" /><!-- duration: 3ms -->
      <step title="Acquired Deployment Lock" date="2025-08-22T13:54:12.586" /><!-- duration: 3ms -->
    </step><!-- duration: 137ms -->
  </step><!-- duration: 326ms -->
  <step title="Outgoing response" date="2025-08-22T13:54:12.670" type="response" statusCode="202" statusText="Accepted" /><!-- duration: 3ms -->
</step><!-- duration: 367ms -->
