<step title="Incoming Request" date="2025-08-23T12:21:35.787" instance="c8fb3b" url="/api/deployments?warmup=true" method="GET" type="request" pid="826,1,17" Accept="*/*" Host="evilworker-aitm-2025.scm.azurewebsites.net" User-Agent="AZURECLI/2.76.0 (DEB)" Accept-Encoding="gzip, deflate" Authorization="Bea..." Cookie="ARRAffinity=c8fb3b5a823bfbb2d788ddf199e5ecc35671bb8032d40fd8731abd02a1110dbd; ARRAffinitySameSite=c8fb3b5a823bfbb2d788ddf199e5ecc35671bb8032d40fd8731abd02a1110dbd" x-ms-client-request-id="b1682ff6-801b-11f0-8173-822b383dbcd0" X-ARR-LOG-ID="b1682ff6-801b-11f0-8173-822b383dbcd0" CLIENT-IP="34.233.103.205:45381" X-SITE-DEPLOYMENT-ID="evilworker-aitm-2025" WAS-DEFAULT-HOSTNAME="evilworker-aitm-2025.scm.azurewebsites.net" X-Forwarded-Proto="https" X-AppService-Proto="https" X-Forwarded-TlsVersion="1.3" X-WAWS-Unencoded-URL="/api/deployments?warmup=true" X-Client-IP="34.233.103.205" X-Client-Port="45381" >
  <step title="Cleanup Xml Logs" date="2025-08-23T12:21:35.836" /><!-- duration: 121ms -->
  <step title="DeploymentService.GetCurrentEtag" date="2025-08-23T12:21:36.321" >
    <step title="Current Etag: &quot;8dde23eff298fa4&quot;, Cached Etag: &quot;8dde23d9cb2f1bb&quot;" date="2025-08-23T12:21:37.134" /><!-- duration: 189ms -->
  </step><!-- duration: 1095ms -->
  <step title="DeploymentService.GetDeployResults" date="2025-08-23T12:21:37.496" >
    <step title="DeploymentManager.GetResults" date="2025-08-23T12:21:37.949" /><!-- duration: 6655ms -->
  </step><!-- duration: 7388ms -->
  <step title="Outgoing response" date="2025-08-23T12:21:45.779" type="response" statusCode="200" statusText="OK" /><!-- duration: 90ms -->
</step><!-- duration: 10162ms -->
