<step title="BackgroundTrace" date="2025-08-22T14:00:27.455" instance="c8fb3b" url="/api/zipdeploy" method="POST" >
  <step title="Creating temporary deployment - FetchDeploymentManager" date="2025-08-22T14:00:27.522" /><!-- duration: 2ms -->
  <step title="Creating temporary deployment" date="2025-08-22T14:00:27.530" /><!-- duration: 50ms -->
  <step title="Performing fetch based deployment" date="2025-08-22T14:00:27.615" >
    <step title="Cleaning up temp folders from previous zip deployments and extracting pushed zip file /tmp/zipdeploy/9c692321-43be-4e2c-be10-3ee678be82b8.zip (0.03 MB) to /tmp/zipdeploy/extracted" date="2025-08-22T14:00:28.789" >
      <step title="ChmodRecursive Process exited with total time taken in ms: 32" date="2025-08-22T14:00:28.887" /><!-- duration: 10ms -->
    </step><!-- duration: 112ms -->
    <step title="Deployment timer started" date="2025-08-22T14:00:30.922" >
      <step title="DeploymentManager.Deploy(id:cd64d935-4c58-449f-b6a3-3ef7ce6056c6)" date="2025-08-22T14:00:30.929" >
        <step title="Collecting changeset information" date="2025-08-22T14:00:30.976" /><!-- duration: 95ms -->
        <step title="Updating submodules" date="2025-08-22T14:00:31.077" /><!-- duration: 1209ms -->
        <step title="Determining deployment builder" date="2025-08-22T14:00:32.498" >
          <step title="Builder is BasicBuilder" date="2025-08-22T14:00:32.510" /><!-- duration: 10ms -->
        </step><!-- duration: 29ms -->
        <step title="PreDeployment: context.CleanOutputPath False" date="2025-08-22T14:00:32.592" >
          <step title="PreDeployment: context.OutputPath /home/site/wwwroot" date="2025-08-22T14:00:32.732" >
            <step title="Building" date="2025-08-22T14:00:32.865" >
              <step title="Executing external process" date="2025-08-22T14:00:33.142" type="process" path="starter.sh" arguments="/opt/Kudu/Scripts/parallel_rsync.sh /tmp/zipdeploy/extracted /home/site/wwwroot 8 /tmp/ False True  " /><!-- duration: 3185ms -->
              <step title="Triggering recycle (preview mode disabled)." date="2025-08-22T14:00:36.562" /><!-- duration: 7ms -->
              <step title="Modified file to trigger a restart of the app container." date="2025-08-22T14:00:36.597" /><!-- duration: 3ms -->
              <step title="Skip function trigger and logicapp sync because function is not enabled." date="2025-08-22T14:00:36.603" /><!-- duration: 13ms -->
            </step><!-- duration: 4654ms -->
          </step><!-- duration: 4791ms -->
          <step title="Cleaning up temp files" date="2025-08-22T14:00:37.526" /><!-- duration: 5ms -->
          <step title="Cleaning up temp files" date="2025-08-22T14:00:37.543" /><!-- duration: 516ms -->
          <step title="Reloading status file with latest updates" date="2025-08-22T14:00:38.387" >
            <step title="WebHooksManager.PublishEventAsync: PostDeployment" date="2025-08-22T14:00:38.393" /><!-- duration: 42ms -->
          </step><!-- duration: 50ms -->
          <step title="Cleaning up temporary deployment - fetch deployment was successful" date="2025-08-22T14:00:38.443" /><!-- duration: 3ms -->
        </step><!-- duration: 5930ms -->
      </step><!-- duration: 7614ms -->
