<step title="Incoming Request" date="2025-08-23T12:37:23.200" instance="c8fb3b" url="/api/publish?type=zip" method="POST" type="request" pid="831,1,30" Accept="*/*" Host="evilworker-aitm-2025.scm.azurewebsites.net" User-Agent="AZURECLI/2.76.0 (DEB)" Accept-Encoding="gzip, deflate" Authorization="Bea..." Cache-Control="no-cache" Content-Type="application/octet-stream" Cookie="ARRAffinity=c8fb3b5a823bfbb2d788ddf199e5ecc35671bb8032d40fd8731abd02a1110dbd; ARRAffinitySameSite=c8fb3b5a823bfbb2d788ddf199e5ecc35671bb8032d40fd8731abd02a1110dbd" Content-Length="28802" x-ms-client-request-id="e2c20d90-801d-11f0-a27a-822b383dbcd0" x-ms-artifact-checksum="781bf7a75b47072c94e509f9bb9ee5677558afd9134fe8d48636b742eb991d76" X-ARR-LOG-ID="e2c20d90-801d-11f0-a27a-822b383dbcd0" CLIENT-IP="3.233.180.130:47358" X-SITE-DEPLOYMENT-ID="evilworker-aitm-2025" WAS-DEFAULT-HOSTNAME="evilworker-aitm-2025.scm.azurewebsites.net" X-Forwarded-Proto="https" X-AppService-Proto="https" X-Forwarded-TlsVersion="1.3" X-WAWS-Unencoded-URL="/api/publish?type=zip" X-Client-IP="3.233.180.130" X-Client-Port="47358" >
  <step title="OneDeploy" date="2025-08-23T12:37:23.253" >
    <step title="Starting PushDeployAsync" date="2025-08-23T12:37:23.303" /><!-- duration: 8ms -->
    <step title="Writing artifact to /tmp/zipdeploy/78b63248-e3f3-442b-935d-a79d1a4bdde6.zip" date="2025-08-23T12:37:23.421" >
      <step title="Writing multipart request body to /tmp/zipdeploy/78b63248-e3f3-442b-935d-a79d1a4bdde6.zip" date="2025-08-23T12:37:23.442" /><!-- duration: 19ms -->
    </step><!-- duration: 232ms -->
    <step title="Attempting to fetch target branch HEAD" date="2025-08-23T12:37:23.684" /><!-- duration: 9ms -->
    <step title="Acquiring Deployment Lock" date="2025-08-23T12:37:23.723" /><!-- duration: 11ms -->
    <step title="Acquired Deployment Lock" date="2025-08-23T12:37:23.834" /><!-- duration: 20ms -->
    <step title="Performing fetch based deployment" date="2025-08-23T12:37:23.892" >
      <step title="Creating temporary deployment" date="2025-08-23T12:37:23.925" /><!-- duration: 172ms -->
      <step title="Releasing Deployment Lock" date="2025-08-23T12:37:25.324" /><!-- duration: 7ms -->
      <step title="Cleaning up temp folders from previous zip deployments and extracting pushed zip file /tmp/zipdeploy/78b63248-e3f3-442b-935d-a79d1a4bdde6.zip (0.03 MB) to /tmp/zipdeploy/extracted" date="2025-08-23T12:37:25.371" >
        <step title="ChmodRecursive Process exited with total time taken in ms: 111" date="2025-08-23T12:37:25.563" /><!-- duration: 9ms -->
      </step><!-- duration: 221ms -->
      <step title="None repository commit" date="2025-08-23T12:37:25.604" >
        <step title="Commit id: 37ff4087-878a-40ec-9421-9902ea3c5d8c" date="2025-08-23T12:37:25.607" Message="OneDeploy" AuthorName="N/A" AuthorEmail="N/A" /><!-- duration: 6ms -->
      </step><!-- duration: 13ms -->
      <step title="Deployment timer started" date="2025-08-23T12:37:27.666" >
        <step title="DeploymentManager.Deploy(id:37ff4087-878a-40ec-9421-9902ea3c5d8c)" date="2025-08-23T12:37:27.688" >
          <step title="Collecting changeset information" date="2025-08-23T12:37:27.741" /><!-- duration: 80ms -->
          <step title="Updating submodules" date="2025-08-23T12:37:27.831" /><!-- duration: 1126ms -->
          <step title="Determining deployment builder" date="2025-08-23T12:37:29.154" >
            <step title="Builder is OneDeployBuilder" date="2025-08-23T12:37:29.172" /><!-- duration: 6ms -->
          </step><!-- duration: 35ms -->
          <step title="PreDeployment: context.CleanOutputPath False" date="2025-08-23T12:37:29.281" >
            <step title="PreDeployment: context.OutputPath /home/site/wwwroot" date="2025-08-23T12:37:29.438" >
              <step title="Building" date="2025-08-23T12:37:29.558" >
                <step title="Executing external process" date="2025-08-23T12:37:30.070" type="process" path="starter.sh" arguments="/opt/Kudu/Scripts/parallel_rsync.sh /tmp/zipdeploy/extracted /home/site/wwwroot 8 /tmp/ False False  " /><!-- duration: 4925ms -->
                <step title="Modified file to trigger a restart of the app container." date="2025-08-23T12:37:35.431" /><!-- duration: 4ms -->
                <step title="Skip function trigger and logicapp sync because function is not enabled." date="2025-08-23T12:37:35.439" /><!-- duration: 12ms -->
                <step title="Purge deployment items" date="2025-08-23T12:37:36.526" >
                  <step title="Remove b322e0b2-, Success, received at 08/23/2025 09:12:29" date="2025-08-23T12:37:36.592" /><!-- duration: 8ms -->
                </step><!-- duration: 78ms -->
              </step><!-- duration: 7099ms -->
            </step><!-- duration: 7244ms -->
            <step title="Cleaning up temp files" date="2025-08-23T12:37:36.691" /><!-- duration: 9ms -->
            <step title="Cleaning up temp files" date="2025-08-23T12:37:36.711" /><!-- duration: 515ms -->
            <step title="Reloading status file with latest updates" date="2025-08-23T12:37:37.274" >
              <step title="WebHooksManager.PublishEventAsync: PostDeployment" date="2025-08-23T12:37:37.283" /><!-- duration: 49ms -->
            </step><!-- duration: 66ms -->
            <step title="Cleaning up temporary deployment - fetch deployment was successful" date="2025-08-23T12:37:37.346" /><!-- duration: 5ms -->
          </step><!-- duration: 8129ms -->
        </step><!-- duration: 9727ms -->
        <step title="Outgoing response" date="2025-08-23T12:37:37.420" type="response" statusCode="200" statusText="OK" /><!-- duration: 4ms -->
      </step><!-- duration: 9768ms -->
