<step title="BackgroundTrace" date="2025-08-22T14:08:20.892" instance="c8fb3b" url="/api/zipdeploy" method="POST" >
  <step title="Creating temporary deployment - FetchDeploymentManager" date="2025-08-22T14:08:21.008" /><!-- duration: 2ms -->
  <step title="Creating temporary deployment" date="2025-08-22T14:08:21.016" /><!-- duration: 168ms -->
  <step title="Performing fetch based deployment" date="2025-08-22T14:08:21.272" >
    <step title="Cleaning up temp folders from previous zip deployments and extracting pushed zip file /tmp/zipdeploy/94e2d210-f2ba-40ff-a3c4-e0ebc57d79ee.zip (0.03 MB) to /tmp/zipdeploy/extracted" date="2025-08-22T14:08:22.496" >
      <step title="ChmodRecursive Process exited with total time taken in ms: 70" date="2025-08-22T14:08:22.662" /><!-- duration: 18ms -->
    </step><!-- duration: 189ms -->
    <step title="Deployment timer started" date="2025-08-22T14:08:24.706" >
      <step title="DeploymentManager.Deploy(id:43259eff-b9e6-4664-a2c9-0bf9209ae25a)" date="2025-08-22T14:08:24.733" >
        <step title="Collecting changeset information" date="2025-08-22T14:08:24.802" /><!-- duration: 113ms -->
        <step title="Updating submodules" date="2025-08-22T14:08:24.920" /><!-- duration: 1131ms -->
        <step title="Determining deployment builder" date="2025-08-22T14:08:26.303" >
          <step title="Builder is BasicBuilder" date="2025-08-22T14:08:26.344" /><!-- duration: 5ms -->
        </step><!-- duration: 54ms -->
        <step title="PreDeployment: context.CleanOutputPath False" date="2025-08-22T14:08:26.451" >
          <step title="PreDeployment: context.OutputPath /home/site/wwwroot" date="2025-08-22T14:08:27.398" >
            <step title="Building" date="2025-08-22T14:08:27.541" >
              <step title="Executing external process" date="2025-08-22T14:08:27.894" type="process" path="starter.sh" arguments="/opt/Kudu/Scripts/parallel_rsync.sh /tmp/zipdeploy/extracted /home/site/wwwroot 8 /tmp/ False True  " /><!-- duration: 4368ms -->
              <step title="Triggering recycle (preview mode disabled)." date="2025-08-22T14:08:32.524" /><!-- duration: 3ms -->
              <step title="Modified file to trigger a restart of the app container." date="2025-08-22T14:08:32.581" /><!-- duration: 3ms -->
              <step title="Skip function trigger and logicapp sync because function is not enabled." date="2025-08-22T14:08:32.598" /><!-- duration: 12ms -->
            </step><!-- duration: 5994ms -->
          </step><!-- duration: 6150ms -->
          <step title="Cleaning up temp files" date="2025-08-22T14:08:33.551" /><!-- duration: 6ms -->
          <step title="Cleaning up temp files" date="2025-08-22T14:08:33.561" /><!-- duration: 518ms -->
          <step title="Reloading status file with latest updates" date="2025-08-22T14:08:34.121" >
            <step title="WebHooksManager.PublishEventAsync: PostDeployment" date="2025-08-22T14:08:34.126" /><!-- duration: 43ms -->
          </step><!-- duration: 51ms -->
          <step title="Cleaning up temporary deployment - fetch deployment was successful" date="2025-08-22T14:08:34.182" /><!-- duration: 3ms -->
        </step><!-- duration: 7807ms -->
      </step><!-- duration: 9538ms -->
