<step title="Incoming Request" date="2025-08-23T00:00:22.997" instance="c8fb3b" url="/api/publish?type=zip" method="POST" type="request" pid="828,1,56" Accept="*/*" Host="evilworker-aitm-2025.scm.azurewebsites.net" User-Agent="AZURECLI/2.76.0 (DEB)" Accept-Encoding="gzip, deflate" Authorization="Bea..." Cache-Control="no-cache" Content-Type="application/octet-stream" Cookie="ARRAffinity=c8fb3b5a823bfbb2d788ddf199e5ecc35671bb8032d40fd8731abd02a1110dbd; ARRAffinitySameSite=c8fb3b5a823bfbb2d788ddf199e5ecc35671bb8032d40fd8731abd02a1110dbd" Content-Length="32213" x-ms-client-request-id="20939e5a-7fb4-11f0-9ee6-822b383dbcd0" x-ms-artifact-checksum="e1c8395450f88df098d82359fbd481569a6bf7a3092ca2a30b4c20af2437ddc9" X-ARR-LOG-ID="20939e5a-7fb4-11f0-9ee6-822b383dbcd0" CLIENT-IP="35.170.23.225:24858" X-SITE-DEPLOYMENT-ID="evilworker-aitm-2025" WAS-DEFAULT-HOSTNAME="evilworker-aitm-2025.scm.azurewebsites.net" X-Forwarded-Proto="https" X-AppService-Proto="https" X-Forwarded-TlsVersion="1.3" X-WAWS-Unencoded-URL="/api/publish?type=zip" X-Client-IP="35.170.23.225" X-Client-Port="24858" >
  <step title="Cleanup Xml Logs" date="2025-08-23T00:00:23.004" /><!-- duration: 8ms -->
  <step title="OneDeploy" date="2025-08-23T00:00:23.194" >
    <step title="None repository commit" date="2025-08-23T00:00:23.228" >
      <step title="Commit id: 96b662e9-e5e1-49a6-aa33-722667a8fb2a" date="2025-08-23T00:00:23.233" Message="N/A" AuthorName="N/A" AuthorEmail="N/A" /><!-- duration: 3ms -->
    </step><!-- duration: 12ms -->
    <step title="Starting PushDeployAsync" date="2025-08-23T00:00:23.245" /><!-- duration: 5ms -->
    <step title="Writing artifact to /tmp/zipdeploy/542e3d05-0bac-40b5-be04-9568b5793d64.zip" date="2025-08-23T00:00:23.359" >
      <step title="Writing multipart request body to /tmp/zipdeploy/542e3d05-0bac-40b5-be04-9568b5793d64.zip" date="2025-08-23T00:00:23.420" /><!-- duration: 5ms -->
    </step><!-- duration: 253ms -->
    <step title="Attempting to fetch target branch HEAD" date="2025-08-23T00:00:23.626" /><!-- duration: 4ms -->
    <step title="Acquiring Deployment Lock" date="2025-08-23T00:00:23.647" /><!-- duration: 4ms -->
    <step title="Acquired Deployment Lock" date="2025-08-23T00:00:23.698" /><!-- duration: 4ms -->
    <step title="Performing fetch based deployment" date="2025-08-23T00:00:23.737" >
      <step title="Creating temporary deployment" date="2025-08-23T00:00:23.754" /><!-- duration: 100ms -->
      <step title="Releasing Deployment Lock" date="2025-08-23T00:00:25.077" /><!-- duration: 19ms -->
      <step title="Cleaning up temp folders from previous zip deployments and extracting pushed zip file /tmp/zipdeploy/542e3d05-0bac-40b5-be04-9568b5793d64.zip (0.03 MB) to /tmp/zipdeploy/extracted" date="2025-08-23T00:00:25.182" >
        <step title="ChmodRecursive Process exited with total time taken in ms: 105" date="2025-08-23T00:00:25.353" /><!-- duration: 10ms -->
      </step><!-- duration: 189ms -->
      <step title="None repository commit" date="2025-08-23T00:00:25.384" >
        <step title="Commit id: 96b662e9-e5e1-49a6-aa33-722667a8fb2a" date="2025-08-23T00:00:25.389" Message="OneDeploy" AuthorName="N/A" AuthorEmail="N/A" /><!-- duration: 5ms -->
      </step><!-- duration: 13ms -->
      <step title="Deployment timer started" date="2025-08-23T00:00:27.437" >
        <step title="DeploymentManager.Deploy(id:96b662e9-e5e1-49a6-aa33-722667a8fb2a)" date="2025-08-23T00:00:27.447" >
          <step title="Collecting changeset information" date="2025-08-23T00:00:27.461" /><!-- duration: 101ms -->
          <step title="Updating submodules" date="2025-08-23T00:00:27.568" /><!-- duration: 1148ms -->
          <step title="Determining deployment builder" date="2025-08-23T00:00:28.983" >
            <step title="Builder is OneDeployBuilder" date="2025-08-23T00:00:29.010" /><!-- duration: 4ms -->
          </step><!-- duration: 50ms -->
          <step title="PreDeployment: context.CleanOutputPath False" date="2025-08-23T00:00:29.100" >
            <step title="PreDeployment: context.OutputPath /home/site/wwwroot" date="2025-08-23T00:00:29.267" >
              <step title="Building" date="2025-08-23T00:00:29.407" >
                <step title="Executing external process" date="2025-08-23T00:00:29.916" type="process" path="starter.sh" arguments="/opt/Kudu/Scripts/parallel_rsync.sh /tmp/zipdeploy/extracted /home/site/wwwroot 8 /tmp/ False False  " /><!-- duration: 6096ms -->
                <step title="Modified file to trigger a restart of the app container." date="2025-08-23T00:00:36.480" /><!-- duration: 7ms -->
                <step title="Skip function trigger and logicapp sync because function is not enabled." date="2025-08-23T00:00:36.511" /><!-- duration: 23ms -->
                <step title="Purge deployment items" date="2025-08-23T00:00:37.594" >
                  <step title="Remove 1e2092f1-, Success, received at 08/22/2025 15:19:34" date="2025-08-23T00:00:37.658" /><!-- duration: 9ms -->
                </step><!-- duration: 76ms -->
              </step><!-- duration: 8321ms -->
            </step><!-- duration: 8501ms -->
            <step title="Cleaning up temp files" date="2025-08-23T00:00:37.774" /><!-- duration: 5ms -->
            <step title="Cleaning up temp files" date="2025-08-23T00:00:37.792" /><!-- duration: 511ms -->
            <step title="Reloading status file with latest updates" date="2025-08-23T00:00:38.365" >
              <step title="WebHooksManager.PublishEventAsync: PostDeployment" date="2025-08-23T00:00:38.371" /><!-- duration: 92ms -->
            </step><!-- duration: 103ms -->
            <step title="Cleaning up temporary deployment - fetch deployment was successful" date="2025-08-23T00:00:38.476" /><!-- duration: 4ms -->
          </step><!-- duration: 9461ms -->
        </step><!-- duration: 11175ms -->
        <step title="Outgoing response" date="2025-08-23T00:00:38.658" type="response" statusCode="200" statusText="OK" /><!-- duration: 4ms -->
      </step><!-- duration: 11230ms -->
