<step title="BackgroundTrace" date="2025-08-22T15:39:17.708" instance="c8fb3b" url="/api/zipdeploy" method="POST" >
  <step title="Creating temporary deployment - FetchDeploymentManager" date="2025-08-22T15:39:17.810" /><!-- duration: 8ms -->
  <step title="Creating temporary deployment" date="2025-08-22T15:39:17.828" /><!-- duration: 81ms -->
  <step title="Performing fetch based deployment" date="2025-08-22T15:39:18.187" >
    <step title="Cleaning up temp folders from previous zip deployments and extracting pushed zip file /tmp/zipdeploy/180e9e9c-5bb4-43dc-a473-0c18702cbeb8.zip (0.03 MB) to /tmp/zipdeploy/extracted" date="2025-08-22T15:39:19.424" >
      <step title="ChmodRecursive Process exited with total time taken in ms: 61" date="2025-08-22T15:39:19.550" /><!-- duration: 4ms -->
    </step><!-- duration: 135ms -->
    <step title="Deployment timer started" date="2025-08-22T15:39:21.631" >
      <step title="DeploymentManager.Deploy(id:bbf8140e-1690-4af3-b580-cb42ab2faeef)" date="2025-08-22T15:39:21.651" >
        <step title="Collecting changeset information" date="2025-08-22T15:39:21.708" /><!-- duration: 244ms -->
        <step title="Updating submodules" date="2025-08-22T15:39:21.980" /><!-- duration: 1221ms -->
        <step title="Determining deployment builder" date="2025-08-22T15:39:23.593" >
          <step title="Builder is BasicBuilder" date="2025-08-22T15:39:23.663" /><!-- duration: 18ms -->
        </step><!-- duration: 100ms -->
        <step title="PreDeployment: context.CleanOutputPath False" date="2025-08-22T15:39:23.801" >
          <step title="PreDeployment: context.OutputPath /home/site/wwwroot" date="2025-08-22T15:39:23.979" >
            <step title="Building" date="2025-08-22T15:39:24.240" >
              <step title="Executing external process" date="2025-08-22T15:39:24.861" type="process" path="starter.sh" arguments="/opt/Kudu/Scripts/parallel_rsync.sh /tmp/zipdeploy/extracted /home/site/wwwroot 8 /tmp/ False True  " /><!-- duration: 4495ms -->
              <step title="Triggering recycle (preview mode disabled)." date="2025-08-22T15:39:29.615" /><!-- duration: 10ms -->
              <step title="Modified file to trigger a restart of the app container." date="2025-08-22T15:39:29.670" /><!-- duration: 3ms -->
              <step title="Skip function trigger and logicapp sync because function is not enabled." date="2025-08-22T15:39:29.684" /><!-- duration: 9ms -->
              <step title="Purge deployment items" date="2025-08-22T15:39:30.883" >
                <step title="Remove e2506b8b-, Success, received at 08/22/2025 13:25:39" date="2025-08-22T15:39:30.946" /><!-- duration: 3ms -->
              </step><!-- duration: 72ms -->
            </step><!-- duration: 6785ms -->
          </step><!-- duration: 7079ms -->
          <step title="Cleaning up temp files" date="2025-08-22T15:39:31.061" /><!-- duration: 9ms -->
          <step title="Cleaning up temp files" date="2025-08-22T15:39:31.076" /><!-- duration: 529ms -->
          <step title="Reloading status file with latest updates" date="2025-08-22T15:39:31.673" >
            <step title="WebHooksManager.PublishEventAsync: PostDeployment" date="2025-08-22T15:39:31.688" /><!-- duration: 43ms -->
          </step><!-- duration: 62ms -->
          <step title="Cleaning up temporary deployment - fetch deployment was successful" date="2025-08-22T15:39:31.740" /><!-- duration: 3ms -->
        </step><!-- duration: 8002ms -->
      </step><!-- duration: 10168ms -->
