<step title="BackgroundTrace" date="2025-08-22T15:19:31.010" instance="c8fb3b" url="/api/zipdeploy" method="POST" >
  <step title="Creating temporary deployment - FetchDeploymentManager" date="2025-08-22T15:19:31.132" /><!-- duration: 9ms -->
  <step title="Creating temporary deployment" date="2025-08-22T15:19:31.182" /><!-- duration: 89ms -->
  <step title="Performing fetch based deployment" date="2025-08-22T15:19:31.461" >
    <step title="Cleaning up temp folders from previous zip deployments and extracting pushed zip file /tmp/zipdeploy/0da4bbf3-4247-4383-870a-146a1a275b9a.zip (0.03 MB) to /tmp/zipdeploy/extracted" date="2025-08-22T15:19:32.765" >
      <step title="ChmodRecursive Process exited with total time taken in ms: 41" date="2025-08-22T15:19:32.872" /><!-- duration: 10ms -->
    </step><!-- duration: 120ms -->
    <step title="Deployment timer started" date="2025-08-22T15:19:34.900" >
      <step title="DeploymentManager.Deploy(id:1e2092f1-4db8-4c30-ac64-e623c95c77aa)" date="2025-08-22T15:19:34.907" >
        <step title="Collecting changeset information" date="2025-08-22T15:19:34.949" /><!-- duration: 88ms -->
        <step title="Updating submodules" date="2025-08-22T15:19:35.048" /><!-- duration: 1104ms -->
        <step title="Determining deployment builder" date="2025-08-22T15:19:36.347" >
          <step title="Builder is BasicBuilder" date="2025-08-22T15:19:36.364" /><!-- duration: 7ms -->
        </step><!-- duration: 27ms -->
        <step title="PreDeployment: context.CleanOutputPath False" date="2025-08-22T15:19:36.437" >
          <step title="PreDeployment: context.OutputPath /home/site/wwwroot" date="2025-08-22T15:19:36.598" >
            <step title="Building" date="2025-08-22T15:19:36.729" >
              <step title="Executing external process" date="2025-08-22T15:19:36.974" type="process" path="starter.sh" arguments="/opt/Kudu/Scripts/parallel_rsync.sh /tmp/zipdeploy/extracted /home/site/wwwroot 8 /tmp/ False True  " /><!-- duration: 3371ms -->
              <step title="Triggering recycle (preview mode disabled)." date="2025-08-22T15:19:40.592" /><!-- duration: 4ms -->
              <step title="Modified file to trigger a restart of the app container." date="2025-08-22T15:19:40.634" /><!-- duration: 3ms -->
              <step title="Skip function trigger and logicapp sync because function is not enabled." date="2025-08-22T15:19:40.642" /><!-- duration: 4ms -->
              <step title="Purge deployment items" date="2025-08-22T15:19:41.678" >
                <step title="Remove fc295fe3-, Success, received at 08/22/2025 13:01:28" date="2025-08-22T15:19:41.730" /><!-- duration: 3ms -->
              </step><!-- duration: 58ms -->
            </step><!-- duration: 5074ms -->
          </step><!-- duration: 5218ms -->
          <step title="Cleaning up temp files" date="2025-08-22T15:19:41.819" /><!-- duration: 4ms -->
          <step title="Cleaning up temp files" date="2025-08-22T15:19:41.834" /><!-- duration: 509ms -->
          <step title="Reloading status file with latest updates" date="2025-08-22T15:19:42.395" >
            <step title="WebHooksManager.PublishEventAsync: PostDeployment" date="2025-08-22T15:19:42.399" /><!-- duration: 31ms -->
          </step><!-- duration: 39ms -->
          <step title="Cleaning up temporary deployment - fetch deployment was successful" date="2025-08-22T15:19:42.439" /><!-- duration: 3ms -->
        </step><!-- duration: 6080ms -->
      </step><!-- duration: 7624ms -->
