<step title="BackgroundTrace" date="2025-08-22T15:51:05.683" instance="c8fb3b" url="/api/zipdeploy" method="POST" >
  <step title="Creating temporary deployment - FetchDeploymentManager" date="2025-08-22T15:51:05.777" /><!-- duration: 3ms -->
  <step title="Creating temporary deployment" date="2025-08-22T15:51:05.785" /><!-- duration: 46ms -->
  <step title="Performing fetch based deployment" date="2025-08-22T15:51:05.894" >
    <step title="Cleaning up temp folders from previous zip deployments and extracting pushed zip file /tmp/zipdeploy/2d51a74e-f673-4b83-a05f-e5249b5e8efc.zip (0.03 MB) to /tmp/zipdeploy/extracted" date="2025-08-22T15:51:07.094" >
      <step title="ChmodRecursive Process exited with total time taken in ms: 49" date="2025-08-22T15:51:07.206" /><!-- duration: 9ms -->
    </step><!-- duration: 125ms -->
    <step title="Deployment timer started" date="2025-08-22T15:51:09.236" >
      <step title="DeploymentManager.Deploy(id:f5b10240-0d8c-4126-ad95-405da1f4cba5)" date="2025-08-22T15:51:09.241" >
        <step title="Collecting changeset information" date="2025-08-22T15:51:09.271" /><!-- duration: 84ms -->
        <step title="Updating submodules" date="2025-08-22T15:51:09.363" /><!-- duration: 1115ms -->
        <step title="Determining deployment builder" date="2025-08-22T15:51:10.652" >
          <step title="Builder is BasicBuilder" date="2025-08-22T15:51:10.667" /><!-- duration: 3ms -->
        </step><!-- duration: 25ms -->
        <step title="PreDeployment: context.CleanOutputPath False" date="2025-08-22T15:51:10.724" >
          <step title="PreDeployment: context.OutputPath /home/site/wwwroot" date="2025-08-22T15:51:10.848" >
            <step title="Building" date="2025-08-22T15:51:10.974" >
              <step title="Executing external process" date="2025-08-22T15:51:11.233" type="process" path="starter.sh" arguments="/opt/Kudu/Scripts/parallel_rsync.sh /tmp/zipdeploy/extracted /home/site/wwwroot 8 /tmp/ False True  " /><!-- duration: 3855ms -->
              <step title="Triggering recycle (preview mode disabled)." date="2025-08-22T15:51:15.313" /><!-- duration: 5ms -->
              <step title="Modified file to trigger a restart of the app container." date="2025-08-22T15:51:15.353" /><!-- duration: 3ms -->
              <step title="Skip function trigger and logicapp sync because function is not enabled." date="2025-08-22T15:51:15.359" /><!-- duration: 10ms -->
              <step title="Purge deployment items" date="2025-08-22T15:51:16.342" >
                <step title="Remove 78bca426-, Success, received at 08/22/2025 13:29:41" date="2025-08-22T15:51:16.396" /><!-- duration: 3ms -->
              </step><!-- duration: 60ms -->
            </step><!-- duration: 5506ms -->
          </step><!-- duration: 5638ms -->
          <step title="Cleaning up temp files" date="2025-08-22T15:51:16.490" /><!-- duration: 5ms -->
          <step title="Cleaning up temp files" date="2025-08-22T15:51:16.511" /><!-- duration: 529ms -->
          <step title="Reloading status file with latest updates" date="2025-08-22T15:51:17.062" >
            <step title="WebHooksManager.PublishEventAsync: PostDeployment" date="2025-08-22T15:51:17.065" /><!-- duration: 30ms -->
          </step><!-- duration: 37ms -->
          <step title="Cleaning up temporary deployment - fetch deployment was successful" date="2025-08-22T15:51:17.104" /><!-- duration: 11ms -->
        </step><!-- duration: 6452ms -->
      </step><!-- duration: 7950ms -->
